,Tickers
0,A
1,AA
2,AAC
3,AADI
4,AAIC
5,AAL
6,AAN
7,AAOI
8,AAON
9,AAP
10,AAPB
11,AAPD
12,AAPL
13,AAPU
14,AAT
15,AAU
16,AAWW
17,AAXJ
18,AB
19,ABB
20,ABBV
21,ABC
22,ABCB
23,ABCL
24,ABCM
25,ABEO
26,ABEV
27,ABG
28,ABIO
29,ABM
30,ABNB
31,ABOS
32,ABR
33,ABSI
34,ABST
35,ABT
36,ABUS
37,ACA
38,ACAD
39,ACB
40,ACCD
41,ACCO
42,ACDC
43,ACEL
44,ACER
45,ACES
46,ACET
47,ACGL
48,ACHC
49,ACHHY
50,ACHR
51,ACHV
52,ACI
53,ACIU
54,ACIW
55,ACLS
56,ACLX
57,ACM
58,ACMR
59,ACN
60,ACNT
61,ACOR
62,ACR
63,ACRE
64,ACRS
65,ACRX
66,ACT
67,ACTG
68,ACVA
69,ACWI
70,ACWV
71,ACWX
72,ACXP
73,ADAP
74,ADBE
75,ADC
76,ADCT
77,ADEA
78,ADES
79,ADI
80,ADIL
81,ADM
82,ADMA
83,ADMP
84,ADN
85,ADNT
86,ADP
87,ADPT
88,ADSK
89,ADT
90,ADTN
91,ADTX
92,ADUS
93,ADV
94,ADVM
95,AEE
96,AEG
97,AEHR
98,AEIS
99,AEL
100,AEM
101,AEMD
102,AEO
103,AEP
104,AER
105,AES
106,AEVA
107,AEYE
108,AEZS
109,AFCG
110,AFG
111,AFIB
112,AFK
113,AFL
114,AFMD
115,AFRM
116,AFTY
117,AFYA
118,AG
119,AGCO
120,AGEN
121,AGFS
122,AGFY
123,AGG
124,AGGY
125,AGI
126,AGIO
127,AGL
128,AGLE
129,AGM
130,AGNC
131,AGNG
132,AGO
133,AGQ
134,AGR
135,AGRI
136,AGRO
137,AGS
138,AGTI
139,AGX
140,AGYS
141,AGZ
142,AHCO
143,AHH
144,AHOY
145,AHT
146,AI
147,AIA
148,AIEQ
149,AIG
150,AIMC
151,AIN
152,AIP
153,AIQ
154,AIR
155,AIRC
156,AIRG
157,AIRR
158,AIRS
159,AIT
160,AIV
161,AIVL
162,AIZ
163,AJG
164,AJRD
165,AJX
166,AKA
167,AKAM
168,AKBA
169,AKLI
170,AKR
171,AKRO
172,AKTS
173,AKYA
174,AL
175,ALB
176,ALBO
177,ALC
178,ALDX
179,ALE
180,ALEC
181,ALEX
182,ALG
183,ALGM
184,ALGN
185,ALGS
186,ALGT
187,ALHC
188,ALIT
189,ALK
190,ALKS
191,ALKT
192,ALL
193,ALLE
194,ALLG
195,ALLK
196,ALLO
197,ALLT
198,ALLY
199,ALNY
200,ALPN
201,ALPP
202,ALR
203,ALRM
204,ALRS
205,ALSN
206,ALT
207,ALTG
208,ALTL
209,ALTO
210,ALTR
211,ALTU
212,ALTY
213,ALV
214,ALVR
215,ALXO
216,ALZN
217,AM
218,AMAL
219,AMAM
220,AMAT
221,AMBA
222,AMBC
223,AMBP
224,AMC
225,AMCR
226,AMCX
227,AMD
228,AME
229,AMED
230,AMEH
231,AMG
232,AMGN
233,AMH
234,AMJ
235,AMK
236,AMKR
237,AMLP
238,AMLX
239,AMN
240,AMNB
241,AMOT
242,AMP
243,AMPE
244,AMPH
245,AMPL
246,AMPS
247,AMPX
248,AMPY
249,AMR
250,AMRC
251,AMRK
252,AMRN
253,AMRS
254,AMRX
255,AMSC
256,AMSF
257,AMSWA
258,AMT
259,AMTB
260,AMTI
261,AMTX
262,AMV
263,AMWD
264,AMWL
265,AMX
266,AMYT
267,AMZA
268,AMZN
269,AN
270,ANAB
271,ANDE
272,ANET
273,ANF
274,ANGI
275,ANGL
276,ANGO
277,ANIK
278,ANIP
279,ANIX
280,ANNX
281,ANPC
282,ANSS
283,ANTE
284,ANY
285,AON
286,AORT
287,AOS
288,AOSL
289,AOUT
290,AP
291,APA
292,APAM
293,APD
294,APDN
295,APE
296,APEI
297,APEN
298,APG
299,APGN
300,APH
301,API
302,APLE
303,APLS
304,APLT
305,APO
306,APOG
307,APP
308,APPF
309,APPH
310,APPN
311,APPS
312,APRE
313,APRN
314,APT
315,APTO
316,APTV
317,APTX
318,APVO
319,APYX
320,AQB
321,AQGX
322,AQMS
323,AQN
324,AQST
325,AQUA
326,AQWA
327,AR
328,ARAV
329,ARAY
330,ARBE
331,ARBK
332,ARC
333,ARCB
334,ARCC
335,ARCE
336,ARCH
337,ARCO
338,ARCT
339,ARDS
340,ARDX
341,ARE
342,AREC
343,AREN
344,ARES
345,ARGO
346,ARGT
347,ARGX
348,ARHS
349,ARI
350,ARIS
351,ARKF
352,ARKG
353,ARKK
354,ARKO
355,ARKQ
356,ARKW
357,ARKX
358,ARLO
359,ARLP
360,ARMK
361,ARMP
362,ARNC
363,AROC
364,AROW
365,ARQQ
366,ARQT
367,ARR
368,ARRY
369,ARTNA
370,ARVL
371,ARVN
372,ARVR
373,ARW
374,ARWR
375,ASA
376,ASAI
377,ASAN
378,ASAP
379,ASB
380,ASC
381,ASEA
382,ASGN
383,ASH
384,ASHR
385,ASHS
386,ASHX
387,ASIX
388,ASLE
389,ASLN
390,ASMB
391,ASML
392,ASND
393,ASO
394,ASPN
395,ASPS
396,ASPU
397,ASPY
398,ASR
399,ASRT
400,ASRV
401,ASTE
402,ASTI
403,ASTL
404,ASTR
405,ASTS
406,ASUR
407,ASX
408,ASXC
409,ASYS
410,ATAI
411,ATCO
412,ATCX
413,ATEC
414,ATEN
415,ATER
416,ATEX
417,ATGE
418,ATHA
419,ATHM
420,ATHX
421,ATI
422,ATIP
423,ATKR
424,ATLC
425,ATLO
426,ATMP
427,ATNF
428,ATNI
429,ATNM
430,ATNX
431,ATO
432,ATOM
433,ATOS
434,ATR
435,ATRA
436,ATRC
437,ATRO
438,ATSG
439,ATUS
440,ATVI
441,ATXS
442,ATY
443,AU
444,AUB
445,AUD
446,AUDC
447,AULT
448,AUMN
449,AUPH
450,AUR
451,AUTL
452,AUY
453,AVA
454,AVAH
455,AVAV
456,AVB
457,AVD
458,AVDE
459,AVDL
460,AVDV
461,AVDX
462,AVEM
463,AVGO
464,AVID
465,AVIR
466,AVLV
467,AVNS
468,AVNT
469,AVNW
470,AVO
471,AVPT
472,AVRE
473,AVRO
474,AVT
475,AVTR
476,AVTX
477,AVUS
478,AVUV
479,AVXL
480,AVY
481,AVYA
482,AWAY
483,AWH
484,AWI
485,AWK
486,AWR
487,AWRE
488,AWYX
489,AX
490,AXAS
491,AXDX
492,AXGN
493,AXL
494,AXLA
495,AXNX
496,AXON
497,AXP
498,AXS
499,AXSM
500,AXTA
501,AXTI
502,AY
503,AYI
504,AYRO
505,AYTU
506,AYX
507,AZEK
508,AZN
509,AZO
510,AZPN
511,AZRE
512,AZTA
513,AZUL
514,AZZ
515,B
516,BA
517,BAB
518,BABA
519,BAC
520,BAD
521,BAH
522,BAL
523,BALL
524,BALT
525,BALY
526,BAM
527,BANC
528,BAND
529,BANF
530,BANR
531,BANX
532,BAP
533,BARK
534,BASE
535,BATRA
536,BATRK
537,BATT
538,BAX
539,BB
540,BBAI
541,BBAR
542,BBAX
543,BBBY
544,BBC
545,BBCA
546,BBCP
547,BBD
548,BBDC
549,BBEU
550,BBH
551,BBIG
552,BBIN
553,BBIO
554,BBJP
555,BBP
556,BBSI
557,BBU
558,BBUC
559,BBUS
560,BBVA
561,BBW
562,BBWI
563,BBY
564,BC
565,BCAB
566,BCBP
567,BCC
568,BCD
569,BCDA
570,BCE
571,BCEL
572,BCH
573,BCI
574,BCIM
575,BCLI
576,BCM
577,BCO
578,BCOR
579,BCOV
580,BCPC
581,BCRX
582,BCS
583,BCSF
584,BCTX
585,BCYC
586,BDC
587,BDN
588,BDRY
589,BDSX
590,BDTX
591,BDX
592,BE
593,BEAM
594,BECN
595,BEDZ
596,BEEM
597,BEKE
598,BELFB
599,BEN
600,BEP
601,BEPC
602,BERY
603,BEST
604,BETZ
605,BF.A
606,BF.B
607,BFAM
608,BFH
609,BFI
610,BFIN
611,BFIT
612,BFIX
613,BFLY
614,BFOR
615,BFRI
616,BFST
617,BFTR
618,BG
619,BGCP
620,BGFV
621,BGNE
622,BGRY
623,BGS
624,BGSF
625,BGXX
626,BHC
627,BHE
628,BHF
629,BHG
630,BHIL
631,BHLB
632,BHM
633,BHP
634,BHR
635,BHVN
636,BIB
637,BIDU
638,BIG
639,BIGC
640,BIIB
641,BIL
642,BILI
643,BILL
644,BILS
645,BIO
646,BIOC
647,BIOR
648,BIOX
649,BIP
650,BIPC
651,BIRD
652,BIS
653,BITF
654,BITI
655,BITO
656,BITQ
657,BITS
658,BIV
659,BIVI
660,BIZD
661,BJ
662,BJK
663,BJRI
664,BK
665,BKCC
666,BKCH
667,BKD
668,BKE
669,BKF
670,BKH
671,BKI
672,BKKT
673,BKLN
674,BKNG
675,BKR
676,BKSY
677,BKU
678,BKYI
679,BL
680,BLBD
681,BLCN
682,BLCO
683,BLD
684,BLDE
685,BLDP
686,BLDR
687,BLFS
688,BLFY
689,BLI
690,BLK
691,BLKB
692,BLMN
693,BLND
694,BLNK
695,BLOK
696,BLRX
697,BLU
698,BLUE
699,BLV
700,BLX
701,BLZE
702,BMA
703,BMBL
704,BMEA
705,BMED
706,BMI
707,BMO
708,BMRA
709,BMRN
710,BMTX
711,BMY
712,BN
713,BND
714,BNDD
715,BNDX
716,BNED
717,BNFT
718,BNGE
719,BNGO
720,BNL
721,BNO
722,BNRE
723,BNS
724,BNTC
725,BNTX
726,BOAT
727,BOC
728,BODY
729,BOH
730,BOIL
731,BOKF
732,BOND
733,BOOM
734,BOOT
735,BORR
736,BOSS
737,BOTZ
738,BOWL
739,BOX
740,BOXD
741,BP
742,BPMC
743,BPOP
744,BPT
745,BPTH
746,BQ
747,BR
748,BRAG
749,BRBR
750,BRBS
751,BRC
752,BRCC
753,BRDG
754,BRDS
755,BREZ
756,BRF
757,BRFS
758,BRK.B
759,BRKL
760,BRKR
761,BRKY
762,BRLT
763,BRMK
764,BRO
765,BROS
766,BRP
767,BRSP
768,BRT
769,BRX
770,BRY
771,BRZE
772,BRZU
773,BSAC
774,BSBR
775,BSEA
776,BSET
777,BSGM
778,BSIG
779,BSM
780,BSMX
781,BSQR
782,BSRR
783,BSV
784,BSX
785,BSY
786,BTAI
787,BTBT
788,BTCM
789,BTCY
790,BTEK
791,BTF
792,BTG
793,BTI
794,BTTR
795,BTTX
796,BTU
797,BTWN
798,BUD
799,BUG
800,BUR
801,BURL
802,BUSE
803,BUYZ
804,BUZZ
805,BV
806,BVH
807,BVN
808,BVS
809,BW
810,BWA
811,BWAC
812,BWB
813,BWEN
814,BWMX
815,BWX
816,BWXT
817,BX
818,BXC
819,BXMT
820,BXP
821,BXSL
822,BY
823,BYD
824,BYFC
825,BYND
826,BYOB
827,BYRN
828,BYSI
829,BYTE
830,BZ
831,BZFD
832,BZH
833,BZQ
834,BZUN
835,BWX
836,BWXT
837,BX
838,BXC
839,BXMT
840,BXP
841,BXSL
842,BY
843,BYD
844,BYFC
845,BYND
846,BYOB
847,BYRN
848,BYSI
849,BYTE
850,BZ
851,BZFD
852,BZH
853,BZQ
854,BZUN
855,BWX
856,BWXT
857,BX
858,BXC
859,BXMT
860,BXP
861,BXSL
862,BY
863,BYD
864,BYFC
865,BYND
866,BYOB
867,BYRN
868,BYSI
869,BYTE
870,BZ
871,BZFD
872,BZH
873,BZQ
874,BZUN
875,C
876,CAAP
877,CAAS
878,CABA
879,CAC
880,CACC
881,CACI
882,CADE
883,CAE
884,CAF
885,CAG
886,CAH
887,CAJ
888,CAKE
889,CAL
890,CALA
891,CALF
892,CALM
893,CALT
894,CALX
895,CAMP
896,CAMT
897,CAN
898,CANE
899,CANO
900,CAPL
901,CAPR
902,CAR
903,CARA
904,CARE
905,CARG
906,CARR
907,CARS
908,CARZ
909,CASA
910,CASH
911,CASI
912,CASS
913,CASY
914,CAT
915,CATH
916,CATO
917,CATY
918,CB
919,CBAN
920,CBAT
921,CBAY
922,CBD
923,CBIO
924,CBL
925,CBNK
926,CBOE
927,CBRE
928,CBRL
929,CBSH
930,CBT
931,CBU
932,CBZ
933,CC
934,CCAP
935,CCB
936,CCCC
937,CCCS
938,CCEP
939,CCF
940,CCI
941,CCJ
942,CCK
943,CCL
944,CCLD
945,CCLP
946,CCNE
947,CCO
948,CCOI
949,CCOR
950,CCRN
951,CCRV
952,CCS
953,CCSI
954,CCU
955,CCV
956,CD
957,CDAK
958,CDAY
959,CDC
960,CDE
961,CDLX
962,CDMO
963,CDNA
964,CDNS
965,CDRE
966,CDTX
967,CDW
968,CDXC
969,CDXS
970,CDZI
971,CE
972,CECO
973,CEG
974,CEI
975,CEIX
976,CELC
977,CELH
978,CELU
979,CEMB
980,CEMI
981,CENN
982,CENT
983,CENTA
984,CENX
985,CEPU
986,CEQP
987,CERE
988,CERS
989,CERT
990,CEVA
991,CEW
992,CF
993,CFA
994,CFB
995,CFFN
996,CFG
997,CFLT
998,CFO
999,CFR
1000,CFRX
1001,CG
1002,CGA
1003,CGAU
1004,CGBD
1005,CGC
1006,CGDV
1007,CGEM
1008,CGEN
1009,CGGR
1010,CGNT
1011,CGNX
1012,CGRN
1013,CGUS
1014,CGW
1015,CHAD
1016,CHAU
1017,CHB
1018,CHCO
1019,CHD
1020,CHDN
1021,CHE
1022,CHEF
1023,CHGG
1024,CHH
1025,CHIC
1026,CHIE
1027,CHIH
1028,CHII
1029,CHIK
1030,CHIM
1031,CHIQ
1032,CHIR
1033,CHIS
1034,CHIU
1035,CHIX
1036,CHK
1037,CHKP
1038,CHMI
1039,CHPT
1040,CHRA
1041,CHRD
1042,CHRS
1043,CHRW
1044,CHS
1045,CHT
1046,CHTR
1047,CHUY
1048,CHWY
1049,CHX
1050,CI
1051,CIA
1052,CIB
1053,CIBR
1054,CIEN
1055,CIFR
1056,CIG
1057,CIGI
1058,CIM
1059,CINC
1060,CINF
1061,CINT
1062,CIO
1063,CION
1064,CIR
1065,CISO
1066,CIVB
1067,CIVI
1068,CIXXF
1069,CKPT
1070,CL
1071,CLAR
1072,CLB
1073,CLBK
1074,CLBT
1075,CLDL
1076,CLDT
1077,CLDX
1078,CLF
1079,CLFD
1080,CLGN
1081,CLH
1082,CLIR
1083,CLLS
1084,CLMT
1085,CLNE
1086,CLNN
1087,CLOU
1088,CLOV
1089,CLPR
1090,CLPS
1091,CLPT
1092,CLS
1093,CLSA
1094,CLSC
1095,CLSD
1096,CLSK
1097,CLVR
1098,CLVT
1099,CLW
1100,CLX
1101,CLXT
1102,CM
1103,CMA
1104,CMAX
1105,CMBM
1106,CMBS
1107,CMC
1108,CMCL
1109,CMCM
1110,CMCO
1111,CMCSA
1112,CMCT
1113,CMDY
1114,CME
1115,CMF
1116,CMG
1117,CMI
1118,CMLS
1119,CMP
1120,CMPR
1121,CMPS
1122,CMRE
1123,CMRX
1124,CMS
1125,CMTG
1126,CMTL
1127,CN
1128,CNA
1129,CNBS
1130,CNC
1131,CNCE
1132,CNDT
1133,CNET
1134,CNHI
1135,CNI
1136,CNK
1137,CNM
1138,CNMD
1139,CNNE
1140,CNO
1141,CNOB
1142,CNP
1143,CNQ
1144,CNRG
1145,CNS
1146,CNSL
1147,CNTA
1148,CNTB
1149,CNTY
1150,CNX
1151,CNXC
1152,CNXN
1153,CNXT
1154,CNYA
1155,COCO
1156,CODI
1157,CODX
1158,COF
1159,COGT
1160,COHR
1161,COHU
1162,COIN
1163,COLB
1164,COLD
1165,COLL
1166,COLM
1167,COM
1168,COMB
1169,COMM
1170,COMP
1171,COMS
1172,COMT
1173,CONL
1174,CONN
1175,CONX
1176,COO
1177,COOK
1178,COOP
1179,COP
1180,COPX
1181,CORN
1182,CORR
1183,CORT
1184,COSM
1185,COST
1186,COTY
1187,COUP
1188,COUR
1189,COW
1190,COWN
1191,COWZ
1192,CP
1193,CPA
1194,CPB
1195,CPE
1196,CPER
1197,CPF
1198,CPG
1199,CPII
1200,CPIX
1201,CPK
1202,CPLP
1203,CPNG
1204,CPRI
1205,CPRT
1206,CPRX
1207,CPS
1208,CPSH
1209,CPSI
1210,CPSS
1211,CPT
1212,CPUH
1213,CQP
1214,CQQQ
1215,CR
1216,CRAI
1217,CRAK
1218,CRBG
1219,CRBN
1220,CRBP
1221,CRBU
1222,CRC
1223,CRCT
1224,CRD.A
1225,CRDF
1226,CRDL
1227,CRDO
1228,CRESY
1229,CRGE
1230,CRGY
1231,CRH
1232,CRI
1233,CRIS
1234,CRIT
1235,CRK
1236,CRL
1237,CRM
1238,CRMD
1239,CRMT
1240,CRNC
1241,CRNT
1242,CRNX
1243,CRON
1244,CROX
1245,CRPT
1246,CRS
1247,CRSP
1248,CRSR
1249,CRTD
1250,CRTO
1251,CRUS
1252,CRUZ
1253,CRVL
1254,CRVS
1255,CRWD
1256,CRWS
1257,CRYP
1258,CS
1259,CSB
1260,CSBR
1261,CSCO
1262,CSD
1263,CSGP
1264,CSGS
1265,CSH
1266,CSII
1267,CSIQ
1268,CSL
1269,CSR
1270,CSSE
1271,CSTE
1272,CSTL
1273,CSTM
1274,CSTR
1275,CSV
1276,CSWC
1277,CSWI
1278,CSX
1279,CTAS
1280,CTBI
1281,CTEC
1282,CTG
1283,CTIC
1284,CTKB
1285,CTLP
1286,CTLT
1287,CTMX
1288,CTO
1289,CTOS
1290,CTRA
1291,CTRE
1292,CTRM
1293,CTRN
1294,CTS
1295,CTSH
1296,CTSO
1297,CTVA
1298,CTXR
1299,CUBE
1300,CUBI
1301,CUE
1302,CUK
1303,CULP
1304,CURE
1305,CURI
1306,CURO
1307,CURV
1308,CUT
1309,CUTR
1310,CUZ
1311,CVAC
1312,CVBF
1313,CVCO
1314,CVCY
1315,CVE
1316,CVEO
1317,CVGI
1318,CVGW
1319,CVI
1320,CVII
1321,CVLG
1322,CVLT
1323,CVM
1324,CVNA
1325,CVRX
1326,CVS
1327,CVT
1328,CVX
1329,CVY
1330,CW
1331,CWAN
1332,CWB
1333,CWCO
1334,CWEB
1335,CWEN
1336,CWEN.A
1337,CWH
1338,CWI
1339,CWK
1340,CWST
1341,CWT
1342,CX
1343,CXDO
1344,CXM
1345,CXSE
1346,CXW
1347,CYB
1348,CYBR
1349,CYCC
1350,CYCN
1351,CYD
1352,CYH
1353,CYN
1354,CYRX
1355,CYTK
1356,CYTO
1357,CYXT
1358,CZNC
1359,CZOO
1360,CZR
1361,CSV
1362,CSWC
1363,CSWI
1364,CSX
1365,CTAS
1366,CTBI
1367,CTEC
1368,CTG
1369,CTIC
1370,CTKB
1371,CTLP
1372,CTLT
1373,CTMX
1374,CTO
1375,CTOS
1376,CTRA
1377,CTRE
1378,CTRM
1379,CTRN
1380,CTS
1381,CTSH
1382,CTSO
1383,CTVA
1384,CTXR
1385,CUBE
1386,CUBI
1387,CUE
1388,CUK
1389,CULP
1390,CURE
1391,CURI
1392,CURO
1393,CURV
1394,CUT
1395,CUTR
1396,CUZ
1397,CVAC
1398,CVBF
1399,CVCO
1400,CVCY
1401,CVE
1402,CVEO
1403,CVGI
1404,CVGW
1405,CVI
1406,CVII
1407,CVLG
1408,CVLT
1409,CVM
1410,CVNA
1411,CVRX
1412,CVS
1413,CVT
1414,CVX
1415,CVY
1416,CW
1417,CWAN
1418,CWB
1419,CWCO
1420,CWEB
1421,CWEN
1422,CWEN.A
1423,CWH
1424,CWI
1425,CWK
1426,CWST
1427,CWT
1428,CX
1429,CXDO
1430,CXM
1431,CXSE
1432,CXW
1433,CYB
1434,CYBR
1435,CYCC
1436,CYCN
1437,CYD
1438,CYH
1439,CYN
1440,CYRX
1441,CYTK
1442,CYTO
1443,CYXT
1444,CZNC
1445,CZOO
1446,CZR
1447,D
1448,DAC
1449,DADA
1450,DAIO
1451,DAKT
1452,DAL
1453,DAM
1454,DAN
1455,DAO
1456,DAPP
1457,DAR
1458,DASH
1459,DAVA
1460,DAVE
1461,DAWN
1462,DAX
1463,DB
1464,DBA
1465,DBB
1466,DBC
1467,DBD
1468,DBE
1469,DBEF
1470,DBEM
1471,DBEU
1472,DBI
1473,DBJP
1474,DBMF
1475,DBO
1476,DBP
1477,DBRG
1478,DBS
1479,DBTX
1480,DBV
1481,DBVT
1482,DBX
1483,DC
1484,DCBO
1485,DCFC
1486,DCGO
1487,DCI
1488,DCO
1489,DCOM
1490,DCP
1491,DCPH
1492,DCT
1493,DCTH
1494,DD
1495,DDD
1496,DDL
1497,DDLS
1498,DDM
1499,DDOG
1500,DDS
1501,DDWM
1502,DE
1503,DEA
1504,DECK
1505,DEEP
1506,DEF
1507,DEI
1508,DELL
1509,DEM
1510,DEN
1511,DENN
1512,DEO
1513,DES
1514,DESP
1515,DEUS
1516,DFAC
1517,DFAI
1518,DFAR
1519,DFAS
1520,DFAT
1521,DFAU
1522,DFAX
1523,DFE
1524,DFEN
1525,DFH
1526,DFIC
1527,DFIN
1528,DFIP
1529,DFIV
1530,DFJ
1531,DFLI
1532,DFS
1533,DFSV
1534,DFUS
1535,DFUV
1536,DG
1537,DGICA
1538,DGII
1539,DGL
1540,DGLY
1541,DGRO
1542,DGRS
1543,DGRW
1544,DGS
1545,DGT
1546,DGX
1547,DH
1548,DHC
1549,DHI
1550,DHR
1551,DHS
1552,DHT
1553,DHX
1554,DIA
1555,DIBS
1556,DICE
1557,DIDIY
1558,DIG
1559,DIN
1560,DINO
1561,DIOD
1562,DIS
1563,DISH
1564,DIV
1565,DIVB
1566,DIVO
1567,DJD
1568,DJIA
1569,DJP
1570,DK
1571,DKL
1572,DKNG
1573,DKS
1574,DLB
1575,DLHC
1576,DLN
1577,DLNG
1578,DLO
1579,DLPN
1580,DLR
1581,DLS
1582,DLTH
1583,DLTR
1584,DLX
1585,DM
1586,DMAC
1587,DMAT
1588,DMLP
1589,DMRC
1590,DMTK
1591,DNA
1592,DNB
1593,DNL
1594,DNLI
1595,DNMR
1596,DNN
1597,DNOW
1598,DNUT
1599,DO
1600,DOC
1601,DOCN
1602,DOCS
1603,DOCU
1604,DOG
1605,DOGZ
1606,DOL
1607,DOLE
1608,DOMA
1609,DOMO
1610,DON
1611,DOOO
1612,DOOR
1613,DORM
1614,DOUG
1615,DOV
1616,DOW
1617,DOX
1618,DOYU
1619,DOZR
1620,DPRO
1621,DPST
1622,DPZ
1623,DQ
1624,DRD
1625,DRH
1626,DRI
1627,DRIO
1628,DRIP
1629,DRIV
1630,DRLL
1631,DRN
1632,DRQ
1633,DRRX
1634,DRS
1635,DRTT
1636,DRV
1637,DRVN
1638,DSEY
1639,DSGN
1640,DSGX
1641,DSHK
1642,DSI
1643,DSKE
1644,DSL
1645,DSP
1646,DSPC
1647,DSTL
1648,DSX
1649,DT
1650,DTC
1651,DTD
1652,DTE
1653,DTEA
1654,DTEC
1655,DTH
1656,DTIL
1657,DTM
1658,DUDE
1659,DUG
1660,DUHP
1661,DUK
1662,DUOL
1663,DURA
1664,DUSL
1665,DUST
1666,DV
1667,DVA
1668,DVAX
1669,DVN
1670,DVOL
1671,DVY
1672,DVYE
1673,DWAC
1674,DWAS
1675,DWM
1676,DWX
1677,DX
1678,DXC
1679,DXCM
1680,DXD
1681,DXJ
1682,DXJS
1683,DXLG
1684,DXPE
1685,DXYN
1686,DY
1687,DYAI
1688,DYN
1689,DZSI
1690,DSTL
1691,DSX
1692,DT
1693,DTC
1694,DTD
1695,DTE
1696,DTEA
1697,DTEC
1698,DTH
1699,DTIL
1700,DTM
1701,DUDE
1702,DUG
1703,DUHP
1704,DUK
1705,DUOL
1706,DURA
1707,DUSL
1708,DUST
1709,DV
1710,DVA
1711,DVAX
1712,DVN
1713,DVOL
1714,DVY
1715,DVYE
1716,DWAC
1717,DWAS
1718,DWM
1719,DWX
1720,DX
1721,DXC
1722,DXCM
1723,DXD
1724,DXJ
1725,DXJS
1726,DXLG
1727,DXPE
1728,DXYN
1729,DY
1730,DYAI
1731,DYN
1732,DZSI
1733,DSTL
1734,DSX
1735,DT
1736,DTC
1737,DTD
1738,DTE
1739,DTEA
1740,DTEC
1741,DTH
1742,DTIL
1743,DTM
1744,DUDE
1745,DUG
1746,DUHP
1747,DUK
1748,DUOL
1749,DURA
1750,DUSL
1751,DUST
1752,DV
1753,DVA
1754,DVAX
1755,DVN
1756,DVOL
1757,DVY
1758,DVYE
1759,DWAC
1760,DWAS
1761,DWM
1762,DWX
1763,DX
1764,DXC
1765,DXCM
1766,DXD
1767,DXJ
1768,DXJS
1769,DXLG
1770,DXPE
1771,DXYN
1772,DY
1773,DYAI
1774,DYN
1775,DZSI
1776,DSTL
1777,DSX
1778,DT
1779,DTC
1780,DTD
1781,DTE
1782,DTEA
1783,DTEC
1784,DTH
1785,DTIL
1786,DTM
1787,DUDE
1788,DUG
1789,DUHP
1790,DUK
1791,DUOL
1792,DURA
1793,DUSL
1794,DUST
1795,DV
1796,DVA
1797,DVAX
1798,DVN
1799,DVOL
1800,DVY
1801,DVYE
1802,DWAC
1803,DWAS
1804,DWM
1805,DWX
1806,DX
1807,DXC
1808,DXCM
1809,DXD
1810,DXJ
1811,DXJS
1812,DXLG
1813,DXPE
1814,DXYN
1815,DY
1816,DYAI
1817,DYN
1818,DZSI
1819,E
1820,EA
1821,EAF
1822,EAGG
1823,EAR
1824,EARN
1825,EAST
1826,EAT
1827,EATV
1828,EATZ
1829,EB
1830,EBAY
1831,EBC
1832,EBET
1833,EBF
1834,EBIX
1835,EBIZ
1836,EBLU
1837,EBND
1838,EBON
1839,EBS
1840,EC
1841,ECH
1842,ECL
1843,ECLN
1844,ECNS
1845,ECON
1846,ECPG
1847,ECVT
1848,ED
1849,EDAP
1850,EDC
1851,EDIT
1852,EDIV
1853,EDOC
1854,EDOW
1855,EDR
1856,EDU
1857,EDUT
1858,EDV
1859,EDZ
1860,EE
1861,EEFT
1862,EELV
1863,EEM
1864,EEMA
1865,EEMS
1866,EEMV
1867,EEMX
1868,EES
1869,EET
1870,EEV
1871,EEX
1872,EFA
1873,EFAS
1874,EFAV
1875,EFAX
1876,EFC
1877,EFG
1878,EFSC
1879,EFTR
1880,EFV
1881,EFX
1882,EFXT
1883,EFZ
1884,EGAN
1885,EGBN
1886,EGHT
1887,EGIO
1888,EGLE
1889,EGLX
1890,EGO
1891,EGP
1892,EGRX
1893,EGY
1894,EH
1895,EHAB
1896,EHC
1897,EHTH
1898,EIDO
1899,EIG
1900,EIGR
1901,EINC
1902,EIX
1903,EKG
1904,EKSO
1905,EL
1906,ELA
1907,ELAN
1908,ELD
1909,ELDN
1910,ELF
1911,ELMD
1912,ELME
1913,ELOX
1914,ELP
1915,ELS
1916,ELV
1917,ELVT
1918,ELYS
1919,EMAN
1920,EMB
1921,EMBC
1922,EMBD
1923,EMBK
1924,EME
1925,EMFM
1926,EMFQ
1927,EMGF
1928,EMKR
1929,EMLC
1930,EMLP
1931,EMN
1932,EMQQ
1933,EMR
1934,EMTY
1935,EMX
1936,EMXC
1937,ENB
1938,ENFN
1939,ENFR
1940,ENG
1941,ENIC
1942,ENLC
1943,ENLV
1944,ENOB
1945,ENOV
1946,ENPH
1947,ENR
1948,ENRG
1949,ENS
1950,ENSC
1951,ENSG
1952,ENSV
1953,ENTA
1954,ENTG
1955,ENTX
1956,ENV
1957,ENVA
1958,ENVB
1959,ENVX
1960,ENZ
1961,ENZL
1962,EOG
1963,EOLS
1964,EOSE
1965,EPAC
1966,EPAM
1967,EPC
1968,EPD
1969,EPI
1970,EPIX
1971,EPM
1972,EPP
1973,EPR
1974,EPRT
1975,EPS
1976,EPSN
1977,EPV
1978,EQ
1979,EQAL
1980,EQC
1981,EQH
1982,EQIX
1983,EQNR
1984,EQR
1985,EQRX
1986,EQT
1987,EQWL
1988,EQX
1989,ERAS
1990,ERF
1991,ERIC
1992,ERIE
1993,ERII
1994,ERJ
1995,ERNA
1996,ERO
1997,ERTH
1998,ERX
1999,ERY
2000,ERYP
2001,ES
2002,ESAB
2003,ESCA
2004,ESE
2005,ESGD
2006,ESGE
2007,ESGR
2008,ESGU
2009,ESI
2010,ESMT
2011,ESNT
2012,ESPO
2013,ESPR
2014,ESRT
2015,ESS
2016,ESSA
2017,ESTA
2018,ESTC
2019,ESTE
2020,ET
2021,ETD
2022,ETN
2023,ETNB
2024,ETON
2025,ETR
2026,ETRN
2027,ETSY
2028,ETWO
2029,EUFN
2030,EUM
2031,EUO
2032,EURL
2033,EURN
2034,EUSA
2035,EVA
2036,EVAV
2037,EVAX
2038,EVBG
2039,EVC
2040,EVCM
2041,EVER
2042,EVEX
2043,EVFM
2044,EVGN
2045,EVGO
2046,EVH
2047,EVLO
2048,EVLV
2049,EVMT
2050,EVOK
2051,EVOP
2052,EVR
2053,EVRG
2054,EVRI
2055,EVTC
2056,EVTL
2057,EVTV
2058,EVX
2059,EW
2060,EWA
2061,EWBC
2062,EWC
2063,EWCO
2064,EWCZ
2065,EWD
2066,EWEB
2067,EWG
2068,EWGS
2069,EWH
2070,EWI
2071,EWJ
2072,EWK
2073,EWL
2074,EWM
2075,EWMC
2076,EWN
2077,EWP
2078,EWQ
2079,EWRE
2080,EWS
2081,EWT
2082,EWTX
2083,EWU
2084,EWUS
2085,EWV
2086,EWW
2087,EWX
2088,EWY
2089,EWZ
2090,EWZS
2091,EXAI
2092,EXAS
2093,EXC
2094,EXEL
2095,EXFY
2096,EXI
2097,EXK
2098,EXLS
2099,EXP
2100,EXPD
2101,EXPE
2102,EXPI
2103,EXPO
2104,EXPR
2105,EXR
2106,EXTR
2107,EYE
2108,EYEN
2109,EYPT
2110,EZA
2111,EZJ
2112,EZM
2113,EZPW
2114,EZU
2115,ESTE
2116,ET
2117,ETD
2118,ETN
2119,ETNB
2120,ETON
2121,ETR
2122,ETRN
2123,ETSY
2124,ETWO
2125,EUFN
2126,EUM
2127,EUO
2128,EURL
2129,EURN
2130,EUSA
2131,EVA
2132,EVAV
2133,EVAX
2134,EVBG
2135,EVC
2136,EVCM
2137,EVER
2138,EVEX
2139,EVFM
2140,EVGN
2141,EVGO
2142,EVH
2143,EVLO
2144,EVLV
2145,EVMT
2146,EVOK
2147,EVOP
2148,EVR
2149,EVRG
2150,EVRI
2151,EVTC
2152,EVTL
2153,EVTV
2154,EVX
2155,EW
2156,EWA
2157,EWBC
2158,EWC
2159,EWCO
2160,EWCZ
2161,EWD
2162,EWEB
2163,EWG
2164,EWGS
2165,EWH
2166,EWI
2167,EWJ
2168,EWK
2169,EWL
2170,EWM
2171,EWMC
2172,EWN
2173,EWP
2174,EWQ
2175,EWRE
2176,EWS
2177,EWT
2178,EWTX
2179,EWU
2180,EWUS
2181,EWV
2182,EWW
2183,EWX
2184,EWY
2185,EWZ
2186,EWZS
2187,EXAI
2188,EXAS
2189,EXC
2190,EXEL
2191,EXFY
2192,EXI
2193,EXK
2194,EXLS
2195,EXP
2196,EXPD
2197,EXPE
2198,EXPI
2199,EXPO
2200,EXPR
2201,EXR
2202,EXTR
2203,EYE
2204,EYEN
2205,EYPT
2206,EZA
2207,EZJ
2208,EZM
2209,EZPW
2210,EZU
2211,ESTE
2212,ET
2213,ETD
2214,ETN
2215,ETNB
2216,ETON
2217,ETR
2218,ETRN
2219,ETSY
2220,ETWO
2221,EUFN
2222,EUM
2223,EUO
2224,EURL
2225,EURN
2226,EUSA
2227,EVA
2228,EVAV
2229,EVAX
2230,EVBG
2231,EVC
2232,EVCM
2233,EVER
2234,EVEX
2235,EVFM
2236,EVGN
2237,EVGO
2238,EVH
2239,EVLO
2240,EVLV
2241,EVMT
2242,EVOK
2243,EVOP
2244,EVR
2245,EVRG
2246,EVRI
2247,EVTC
2248,EVTL
2249,EVTV
2250,EVX
2251,EW
2252,EWA
2253,EWBC
2254,EWC
2255,EWCO
2256,EWCZ
2257,EWD
2258,EWEB
2259,EWG
2260,EWGS
2261,EWH
2262,EWI
2263,EWJ
2264,EWK
2265,EWL
2266,EWM
2267,EWMC
2268,EWN
2269,EWP
2270,EWQ
2271,EWRE
2272,EWS
2273,EWT
2274,EWTX
2275,EWU
2276,EWUS
2277,EWV
2278,EWW
2279,EWX
2280,EWY
2281,EWZ
2282,EWZS
2283,EXAI
2284,EXAS
2285,EXC
2286,EXEL
2287,EXFY
2288,EXI
2289,EXK
2290,EXLS
2291,EXP
2292,EXPD
2293,EXPE
2294,EXPI
2295,EXPO
2296,EXPR
2297,EXR
2298,EXTR
2299,EYE
2300,EYEN
2301,EYPT
2302,EZA
2303,EZJ
2304,EZM
2305,EZPW
2306,EZU
2307,ESTE
2308,ET
2309,ETD
2310,ETN
2311,ETNB
2312,ETON
2313,ETR
2314,ETRN
2315,ETSY
2316,ETWO
2317,EUFN
2318,EUM
2319,EUO
2320,EURL
2321,EURN
2322,EUSA
2323,EVA
2324,EVAV
2325,EVAX
2326,EVBG
2327,EVC
2328,EVCM
2329,EVER
2330,EVEX
2331,EVFM
2332,EVGN
2333,EVGO
2334,EVH
2335,EVLO
2336,EVLV
2337,EVMT
2338,EVOK
2339,EVOP
2340,EVR
2341,EVRG
2342,EVRI
2343,EVTC
2344,EVTL
2345,EVTV
2346,EVX
2347,EW
2348,EWA
2349,EWBC
2350,EWC
2351,EWCO
2352,EWCZ
2353,EWD
2354,EWEB
2355,EWG
2356,EWGS
2357,EWH
2358,EWI
2359,EWJ
2360,EWK
2361,EWL
2362,EWM
2363,EWMC
2364,EWN
2365,EWP
2366,EWQ
2367,EWRE
2368,EWS
2369,EWT
2370,EWTX
2371,EWU
2372,EWUS
2373,EWV
2374,EWW
2375,EWX
2376,EWY
2377,EWZ
2378,EWZS
2379,EXAI
2380,EXAS
2381,EXC
2382,EXEL
2383,EXFY
2384,EXI
2385,EXK
2386,EXLS
2387,EXP
2388,EXPD
2389,EXPE
2390,EXPI
2391,EXPO
2392,EXPR
2393,EXR
2394,EXTR
2395,EYE
2396,EYEN
2397,EYPT
2398,EZA
2399,EZJ
2400,EZM
2401,EZPW
2402,EZU
2403,F
2404,FA
2405,FAB
2406,FAD
2407,FAF
2408,FALN
2409,FAN
2410,FANG
2411,FANH
2412,FARM
2413,FARO
2414,FAS
2415,FAST
2416,FATE
2417,FATH
2418,FAZ
2419,FAZE
2420,FBIN
2421,FBIO
2422,FBIZ
2423,FBK
2424,FBMS
2425,FBNC
2426,FBND
2427,FBP
2428,FBRT
2429,FBRX
2430,FBT
2431,FBZ
2432,FC
2433,FCA
2434,FCBC
2435,FCEL
2436,FCF
2437,FCFS
2438,FCG
2439,FCN
2440,FCNCA
2441,FCOM
2442,FCPI
2443,FCPT
2444,FCRD
2445,FCUV
2446,FCX
2447,FDD
2448,FDIS
2449,FDL
2450,FDLO
2451,FDMO
2452,FDMT
2453,FDN
2454,FDNI
2455,FDP
2456,FDRR
2457,FDRV
2458,FDS
2459,FDT
2460,FDUS
2461,FDVV
2462,FDX
2463,FE
2464,FEAM
2465,FELE
2466,FEM
2467,FEMS
2468,FENC
2469,FENG
2470,FENY
2471,FEP
2472,FERG
2473,FET
2474,FEUZ
2475,FEX
2476,FEZ
2477,FF
2478,FFBC
2479,FFIC
2480,FFIE
2481,FFIN
2482,FFIV
2483,FFNW
2484,FFTY
2485,FFWM
2486,FG
2487,FGD
2488,FGEN
2489,FGH
2490,FGM
2491,FHB
2492,FHI
2493,FHLC
2494,FHN
2495,FHTX
2496,FIBK
2497,FICO
2498,FID
2499,FIDI
2500,FIDU
2501,FIGS
2502,FILL
2503,FINV
2504,FINX
2505,FIS
2506,FISI
2507,FISV
2508,FITB
2509,FITE
2510,FIVE
2511,FIVG
2512,FIVN
2513,FIW
2514,FIX
2515,FIXD
2516,FIXX
2517,FIZZ
2518,FJP
2519,FKWL
2520,FL
2521,FLBR
2522,FLCH
2523,FLEX
2524,FLGT
2525,FLIC
2526,FLJP
2527,FLL
2528,FLNC
2529,FLNG
2530,FLNT
2531,FLO
2532,FLOT
2533,FLQL
2534,FLQM
2535,FLR
2536,FLRN
2537,FLS
2538,FLT
2539,FLTN
2540,FLUX
2541,FLWS
2542,FLYW
2543,FM
2544,FMAT
2545,FMC
2546,FMNB
2547,FMS
2548,FMX
2549,FN
2550,FNA
2551,FNB
2552,FNCB
2553,FNCH
2554,FNCL
2555,FND
2556,FNDA
2557,FNDB
2558,FNDC
2559,FNDE
2560,FNDF
2561,FNDX
2562,FNF
2563,FNGG
2564,FNGR
2565,FNGS
2566,FNHCQ
2567,FNK
2568,FNKO
2569,FNLC
2570,FNTC
2571,FNV
2572,FNX
2573,FNY
2574,FOA
2575,FOCS
2576,FOLD
2577,FOR
2578,FORA
2579,FORG
2580,FORM
2581,FORR
2582,FOSL
2583,FOUR
2584,FOX
2585,FOXA
2586,FOXF
2587,FPAC
2588,FPE
2589,FPH
2590,FPI
2591,FPX
2592,FPXI
2593,FQAL
2594,FR
2595,FRBA
2596,FRBK
2597,FRC
2598,FREE
2599,FREL
2600,FREQ
2601,FREY
2602,FRG
2603,FRGE
2604,FRGI
2605,FRHC
2606,FRI
2607,FRME
2608,FRNW
2609,FRO
2610,FROG
2611,FRPT
2612,FRSH
2613,FRST
2614,FRSX
2615,FRT
2616,FSK
2617,FSLR
2618,FSLY
2619,FSM
2620,FSMD
2621,FSP
2622,FSR
2623,FSS
2624,FSTA
2625,FSTR
2626,FSTX
2627,FSV
2628,FSZ
2629,FTA
2630,FTAG
2631,FTAI
2632,FTC
2633,FTCH
2634,FTCI
2635,FTCS
2636,FTDR
2637,FTEC
2638,FTEK
2639,FTFT
2640,FTGC
2641,FTHI
2642,FTHM
2643,FTI
2644,FTK
2645,FTNT
2646,FTRI
2647,FTS
2648,FTSL
2649,FTSM
2650,FTV
2651,FTXG
2652,FTXH
2653,FTXL
2654,FTXN
2655,FTXO
2656,FTXR
2657,FUBO
2658,FUL
2659,FULC
2660,FULT
2661,FUN
2662,FUSN
2663,FUTU
2664,FUTY
2665,FUV
2666,FV
2667,FVAL
2668,FVD
2669,FVRR
2670,FWONA
2671,FWONK
2672,FWRD
2673,FWRG
2674,FXA
2675,FXB
2676,FXC
2677,FXD
2678,FXE
2679,FXF
2680,FXG
2681,FXH
2682,FXI
2683,FXL
2684,FXLV
2685,FXN
2686,FXO
2687,FXP
2688,FXR
2689,FXU
2690,FXY
2691,FXZ
2692,FYBR
2693,FYC
2694,FYLG
2695,FYT
2696,FYX
2697,FRGE
2698,FRGI
2699,FRHC
2700,FRI
2701,FRME
2702,FRNW
2703,FRO
2704,FROG
2705,FRPT
2706,FRSH
2707,FRST
2708,FRSX
2709,FRT
2710,FSK
2711,FSLR
2712,FSLY
2713,FSM
2714,FSMD
2715,FSP
2716,FSR
2717,FSS
2718,FSTA
2719,FSTR
2720,FSTX
2721,FSV
2722,FSZ
2723,FTA
2724,FTAG
2725,FTAI
2726,FTC
2727,FTCH
2728,FTCI
2729,FTCS
2730,FTDR
2731,FTEC
2732,FTEK
2733,FTFT
2734,FTGC
2735,FTHI
2736,FTHM
2737,FTI
2738,FTK
2739,FTNT
2740,FTRI
2741,FTS
2742,FTSL
2743,FTSM
2744,FTV
2745,FTXG
2746,FTXH
2747,FTXL
2748,FTXN
2749,FTXO
2750,FTXR
2751,FUBO
2752,FUL
2753,FULC
2754,FULT
2755,FUN
2756,FUSN
2757,FUTU
2758,FUTY
2759,FUV
2760,FV
2761,FVAL
2762,FVD
2763,FVRR
2764,FWONA
2765,FWONK
2766,FWRD
2767,FWRG
2768,FXA
2769,FXB
2770,FXC
2771,FXD
2772,FXE
2773,FXF
2774,FXG
2775,FXH
2776,FXI
2777,FXL
2778,FXLV
2779,FXN
2780,FXO
2781,FXP
2782,FXR
2783,FXU
2784,FXY
2785,FXZ
2786,FYBR
2787,FYC
2788,FYLG
2789,FYT
2790,FYX
2791,FRGE
2792,FRGI
2793,FRHC
2794,FRI
2795,FRME
2796,FRNW
2797,FRO
2798,FROG
2799,FRPT
2800,FRSH
2801,FRST
2802,FRSX
2803,FRT
2804,FSK
2805,FSLR
2806,FSLY
2807,FSM
2808,FSMD
2809,FSP
2810,FSR
2811,FSS
2812,FSTA
2813,FSTR
2814,FSTX
2815,FSV
2816,FSZ
2817,FTA
2818,FTAG
2819,FTAI
2820,FTC
2821,FTCH
2822,FTCI
2823,FTCS
2824,FTDR
2825,FTEC
2826,FTEK
2827,FTFT
2828,FTGC
2829,FTHI
2830,FTHM
2831,FTI
2832,FTK
2833,FTNT
2834,FTRI
2835,FTS
2836,FTSL
2837,FTSM
2838,FTV
2839,FTXG
2840,FTXH
2841,FTXL
2842,FTXN
2843,FTXO
2844,FTXR
2845,FUBO
2846,FUL
2847,FULC
2848,FULT
2849,FUN
2850,FUSN
2851,FUTU
2852,FUTY
2853,FUV
2854,FV
2855,FVAL
2856,FVD
2857,FVRR
2858,FWONA
2859,FWONK
2860,FWRD
2861,FWRG
2862,FXA
2863,FXB
2864,FXC
2865,FXD
2866,FXE
2867,FXF
2868,FXG
2869,FXH
2870,FXI
2871,FXL
2872,FXLV
2873,FXN
2874,FXO
2875,FXP
2876,FXR
2877,FXU
2878,FXY
2879,FXZ
2880,FYBR
2881,FYC
2882,FYLG
2883,FYT
2884,FYX
2885,FRGE
2886,FRGI
2887,FRHC
2888,FRI
2889,FRME
2890,FRNW
2891,FRO
2892,FROG
2893,FRPT
2894,FRSH
2895,FRST
2896,FRSX
2897,FRT
2898,FSK
2899,FSLR
2900,FSLY
2901,FSM
2902,FSMD
2903,FSP
2904,FSR
2905,FSS
2906,FSTA
2907,FSTR
2908,FSTX
2909,FSV
2910,FSZ
2911,FTA
2912,FTAG
2913,FTAI
2914,FTC
2915,FTCH
2916,FTCI
2917,FTCS
2918,FTDR
2919,FTEC
2920,FTEK
2921,FTFT
2922,FTGC
2923,FTHI
2924,FTHM
2925,FTI
2926,FTK
2927,FTNT
2928,FTRI
2929,FTS
2930,FTSL
2931,FTSM
2932,FTV
2933,FTXG
2934,FTXH
2935,FTXL
2936,FTXN
2937,FTXO
2938,FTXR
2939,FUBO
2940,FUL
2941,FULC
2942,FULT
2943,FUN
2944,FUSN
2945,FUTU
2946,FUTY
2947,FUV
2948,FV
2949,FVAL
2950,FVD
2951,FVRR
2952,FWONA
2953,FWONK
2954,FWRD
2955,FWRG
2956,FXA
2957,FXB
2958,FXC
2959,FXD
2960,FXE
2961,FXF
2962,FXG
2963,FXH
2964,FXI
2965,FXL
2966,FXLV
2967,FXN
2968,FXO
2969,FXP
2970,FXR
2971,FXU
2972,FXY
2973,FXZ
2974,FYBR
2975,FYC
2976,FYLG
2977,FYT
2978,FYX
2979,G
2980,GABC
2981,GAIA
2982,GAIN
2983,GAL
2984,GALT
2985,GAMB
2986,GAME
2987,GAMR
2988,GAN
2989,GANX
2990,GASS
2991,GATO
2992,GATX
2993,GAU
2994,GAZ
2995,GB
2996,GBCI
2997,GBDC
2998,GBIL
2999,GBIO
3000,GBLD
3001,GBTG
3002,GBX
3003,GCC
3004,GCI
3005,GCLN
3006,GCMG
3007,GCO
3008,GCT
3009,GD
3010,GDDY
3011,GDE
3012,GDEN
3013,GDOC
3014,GDOT
3015,GDRX
3016,GDS
3017,GDVD
3018,GDX
3019,GDXJ
3020,GDYN
3021,GE
3022,GEF
3023,GEHC
3024,GEHI
3025,GEL
3026,GEM
3027,GEN
3028,GENC
3029,GENE
3030,GENI
3031,GENY
3032,GEO
3033,GEOS
3034,GERM
3035,GERN
3036,GES
3037,GETY
3038,GEVO
3039,GFF
3040,GFI
3041,GFL
3042,GFOF
3043,GFS
3044,GGAL
3045,GGB
3046,GGG
3047,GGR
3048,GH
3049,GHI
3050,GHL
3051,GHM
3052,GHYB
3053,GIB
3054,GIC
3055,GIFI
3056,GIGB
3057,GII
3058,GIII
3059,GIL
3060,GILD
3061,GILT
3062,GINN
3063,GIS
3064,GK
3065,GKOS
3066,GL
3067,GLAD
3068,GLBE
3069,GLBS
3070,GLCN
3071,GLD
3072,GLDB
3073,GLDD
3074,GLIN
3075,GLL
3076,GLMD
3077,GLNG
3078,GLOB
3079,GLOP
3080,GLOV
3081,GLP
3082,GLPG
3083,GLPI
3084,GLRE
3085,GLT
3086,GLTO
3087,GLUE
3088,GLW
3089,GLYC
3090,GM
3091,GMAB
3092,GMBL
3093,GMDA
3094,GME
3095,GMED
3096,GMET
3097,GMF
3098,GMGI
3099,GMRE
3100,GMS
3101,GNE
3102,GNK
3103,GNL
3104,GNLN
3105,GNOM
3106,GNPX
3107,GNR
3108,GNRC
3109,GNSS
3110,GNTX
3111,GNUS
3112,GNW
3113,GO
3114,GOAU
3115,GOCO
3116,GOEV
3117,GOEX
3118,GOGL
3119,GOGO
3120,GOL
3121,GOLD
3122,GOLF
3123,GOOD
3124,GOOG
3125,GOOGL
3126,GOOS
3127,GORO
3128,GOSS
3129,GOTU
3130,GOVT
3131,GOVZ
3132,GP
3133,GPC
3134,GPI
3135,GPK
3136,GPMT
3137,GPN
3138,GPOR
3139,GPP
3140,GPRE
3141,GPRK
3142,GPRO
3143,GPS
3144,GRAB
3145,GRAY
3146,GRBK
3147,GRC
3148,GREE
3149,GREK
3150,GRFS
3151,GRID
3152,GRIN
3153,GRMN
3154,GRN
3155,GRNR
3156,GROM
3157,GROV
3158,GROW
3159,GROY
3160,GRPH
3161,GRPN
3162,GRTS
3163,GRTX
3164,GRWG
3165,GS
3166,GSAT
3167,GSBC
3168,GSBD
3169,GSEW
3170,GSG
3171,GSHD
3172,GSIE
3173,GSIT
3174,GSK
3175,GSL
3176,GSLC
3177,GSM
3178,GSP
3179,GSPY
3180,GSUS
3181,GSY
3182,GT
3183,GTBP
3184,GTE
3185,GTEK
3186,GTES
3187,GTHX
3188,GTIM
3189,GTLB
3190,GTLS
3191,GTN
3192,GTX
3193,GTY
3194,GUNR
3195,GURE
3196,GURU
3197,GUSH
3198,GVA
3199,GVI
3200,GVIP
3201,GWH
3202,GWRE
3203,GWRS
3204,GWW
3205,GWX
3206,GXC
3207,GXG
3208,GXO
3209,GXTG
3210,GYLD
3211,GSPY
3212,GSUS
3213,GSY
3214,GT
3215,GTBP
3216,GTE
3217,GTEK
3218,GTES
3219,GTHX
3220,GTIM
3221,GTLB
3222,GTLS
3223,GTN
3224,GTX
3225,GTY
3226,GUNR
3227,GURE
3228,GURU
3229,GUSH
3230,GVA
3231,GVI
3232,GVIP
3233,GWH
3234,GWRE
3235,GWRS
3236,GWW
3237,GWX
3238,GXC
3239,GXG
3240,GXO
3241,GXTG
3242,GYLD
3243,GSPY
3244,GSUS
3245,GSY
3246,GT
3247,GTBP
3248,GTE
3249,GTEK
3250,GTES
3251,GTHX
3252,GTIM
3253,GTLB
3254,GTLS
3255,GTN
3256,GTX
3257,GTY
3258,GUNR
3259,GURE
3260,GURU
3261,GUSH
3262,GVA
3263,GVI
3264,GVIP
3265,GWH
3266,GWRE
3267,GWRS
3268,GWW
3269,GWX
3270,GXC
3271,GXG
3272,GXO
3273,GXTG
3274,GYLD
3275,GSPY
3276,GSUS
3277,GSY
3278,GT
3279,GTBP
3280,GTE
3281,GTEK
3282,GTES
3283,GTHX
3284,GTIM
3285,GTLB
3286,GTLS
3287,GTN
3288,GTX
3289,GTY
3290,GUNR
3291,GURE
3292,GURU
3293,GUSH
3294,GVA
3295,GVI
3296,GVIP
3297,GWH
3298,GWRE
3299,GWRS
3300,GWW
3301,GWX
3302,GXC
3303,GXG
3304,GXO
3305,GXTG
3306,GYLD
3307,H
3308,HA
3309,HACK
3310,HAE
3311,HAFC
3312,HAIL
3313,HAIN
3314,HAL
3315,HALL
3316,HALO
3317,HAP
3318,HARP
3319,HAS
3320,HASI
3321,HAUS
3322,HAUZ
3323,HAYN
3324,HAYW
3325,HBAN
3326,HBB
3327,HBI
3328,HBIO
3329,HBM
3330,HBNC
3331,HBT
3332,HCA
3333,HCAT
3334,HCC
3335,HCCI
3336,HCI
3337,HCKT
3338,HCM
3339,HCOM
3340,HCP
3341,HCSG
3342,HD
3343,HDB
3344,HDEF
3345,HDGE
3346,HDRO
3347,HDSN
3348,HDV
3349,HE
3350,HEAR
3351,HEDJ
3352,HEEM
3353,HEES
3354,HEFA
3355,HEI
3356,HEI.A
3357,HELE
3358,HELX
3359,HEP
3360,HEPA
3361,HEQT
3362,HERO
3363,HES
3364,HESM
3365,HEWG
3366,HEWJ
3367,HEXO
3368,HEZU
3369,HFFG
3370,HFND
3371,HFWA
3372,HGEN
3373,HGER
3374,HGTY
3375,HGV
3376,HHC
3377,HI
3378,HIBB
3379,HIBL
3380,HIBS
3381,HIG
3382,HII
3383,HIMS
3384,HIMX
3385,HIPO
3386,HITI
3387,HIVE
3388,HIW
3389,HJEN
3390,HL
3391,HLF
3392,HLGN
3393,HLI
3394,HLIO
3395,HLIT
3396,HLLY
3397,HLMN
3398,HLN
3399,HLNE
3400,HLT
3401,HLTH
3402,HLX
3403,HMC
3404,HMN
3405,HMPT
3406,HMST
3407,HMY
3408,HNDL
3409,HNI
3410,HNRG
3411,HNST
3412,HOFT
3413,HOFV
3414,HOG
3415,HOLI
3416,HOLX
3417,HOMB
3418,HOMZ
3419,HON
3420,HONE
3421,HOOD
3422,HOOK
3423,HOPE
3424,HOTL
3425,HOUS
3426,HOWL
3427,HP
3428,HPE
3429,HPK
3430,HPP
3431,HPQ
3432,HQY
3433,HR
3434,HRB
3435,HRI
3436,HRL
3437,HRMY
3438,HROW
3439,HRT
3440,HRTG
3441,HRTX
3442,HRZN
3443,HSBC
3444,HSC
3445,HSIC
3446,HSII
3447,HSKA
3448,HST
3449,HSTM
3450,HSY
3451,HT
3452,HTBI
3453,HTBK
3454,HTEC
3455,HTGC
3456,HTH
3457,HTHT
3458,HTLD
3459,HTLF
3460,HTOO
3461,HTZ
3462,HUBB
3463,HUBG
3464,HUBS
3465,HUGE
3466,HUM
3467,HUMA
3468,HUN
3469,HURN
3470,HUSA
3471,HUT
3472,HUYA
3473,HVT
3474,HWC
3475,HWKN
3476,HWM
3477,HXL
3478,HY
3479,HYBB
3480,HYD
3481,HYDR
3482,HYFM
3483,HYG
3484,HYGH
3485,HYLB
3486,HYLD
3487,HYLG
3488,HYLN
3489,HYLV
3490,HYMB
3491,HYMC
3492,HYPR
3493,HYRE
3494,HYS
3495,HYXU
3496,HYZD
3497,HYZN
3498,HZN
3499,HZNP
3500,HZO
3501,HZON
3502,HMY
3503,HNDL
3504,HNI
3505,HNRG
3506,HNST
3507,HOFT
3508,HOFV
3509,HOG
3510,HOLI
3511,HOLX
3512,HOMB
3513,HOMZ
3514,HON
3515,HONE
3516,HOOD
3517,HOOK
3518,HOPE
3519,HOTL
3520,HOUS
3521,HOWL
3522,HP
3523,HPE
3524,HPK
3525,HPP
3526,HPQ
3527,HQY
3528,HR
3529,HRB
3530,HRI
3531,HRL
3532,HRMY
3533,HROW
3534,HRT
3535,HRTG
3536,HRTX
3537,HRZN
3538,HSBC
3539,HSC
3540,HSIC
3541,HSII
3542,HSKA
3543,HST
3544,HSTM
3545,HSY
3546,HT
3547,HTBI
3548,HTBK
3549,HTEC
3550,HTGC
3551,HTH
3552,HTHT
3553,HTLD
3554,HTLF
3555,HTOO
3556,HTZ
3557,HUBB
3558,HUBG
3559,HUBS
3560,HUGE
3561,HUM
3562,HUMA
3563,HUN
3564,HURN
3565,HUSA
3566,HUT
3567,HUYA
3568,HVT
3569,HWC
3570,HWKN
3571,HWM
3572,HXL
3573,HY
3574,HYBB
3575,HYD
3576,HYDR
3577,HYFM
3578,HYG
3579,HYGH
3580,HYLB
3581,HYLD
3582,HYLG
3583,HYLN
3584,HYLV
3585,HYMB
3586,HYMC
3587,HYPR
3588,HYRE
3589,HYS
3590,HYXU
3591,HYZD
3592,HYZN
3593,HZN
3594,HZNP
3595,HZO
3596,HZON
3597,HMY
3598,HNDL
3599,HNI
3600,HNRG
3601,HNST
3602,HOFT
3603,HOFV
3604,HOG
3605,HOLI
3606,HOLX
3607,HOMB
3608,HOMZ
3609,HON
3610,HONE
3611,HOOD
3612,HOOK
3613,HOPE
3614,HOTL
3615,HOUS
3616,HOWL
3617,HP
3618,HPE
3619,HPK
3620,HPP
3621,HPQ
3622,HQY
3623,HR
3624,HRB
3625,HRI
3626,HRL
3627,HRMY
3628,HROW
3629,HRT
3630,HRTG
3631,HRTX
3632,HRZN
3633,HSBC
3634,HSC
3635,HSIC
3636,HSII
3637,HSKA
3638,HST
3639,HSTM
3640,HSY
3641,HT
3642,HTBI
3643,HTBK
3644,HTEC
3645,HTGC
3646,HTH
3647,HTHT
3648,HTLD
3649,HTLF
3650,HTOO
3651,HTZ
3652,HUBB
3653,HUBG
3654,HUBS
3655,HUGE
3656,HUM
3657,HUMA
3658,HUN
3659,HURN
3660,HUSA
3661,HUT
3662,HUYA
3663,HVT
3664,HWC
3665,HWKN
3666,HWM
3667,HXL
3668,HY
3669,HYBB
3670,HYD
3671,HYDR
3672,HYFM
3673,HYG
3674,HYGH
3675,HYLB
3676,HYLD
3677,HYLG
3678,HYLN
3679,HYLV
3680,HYMB
3681,HYMC
3682,HYPR
3683,HYRE
3684,HYS
3685,HYXU
3686,HYZD
3687,HYZN
3688,HZN
3689,HZNP
3690,HZO
3691,HZON
3692,HMY
3693,HNDL
3694,HNI
3695,HNRG
3696,HNST
3697,HOFT
3698,HOFV
3699,HOG
3700,HOLI
3701,HOLX
3702,HOMB
3703,HOMZ
3704,HON
3705,HONE
3706,HOOD
3707,HOOK
3708,HOPE
3709,HOTL
3710,HOUS
3711,HOWL
3712,HP
3713,HPE
3714,HPK
3715,HPP
3716,HPQ
3717,HQY
3718,HR
3719,HRB
3720,HRI
3721,HRL
3722,HRMY
3723,HROW
3724,HRT
3725,HRTG
3726,HRTX
3727,HRZN
3728,HSBC
3729,HSC
3730,HSIC
3731,HSII
3732,HSKA
3733,HST
3734,HSTM
3735,HSY
3736,HT
3737,HTBI
3738,HTBK
3739,HTEC
3740,HTGC
3741,HTH
3742,HTHT
3743,HTLD
3744,HTLF
3745,HTOO
3746,HTZ
3747,HUBB
3748,HUBG
3749,HUBS
3750,HUGE
3751,HUM
3752,HUMA
3753,HUN
3754,HURN
3755,HUSA
3756,HUT
3757,HUYA
3758,HVT
3759,HWC
3760,HWKN
3761,HWM
3762,HXL
3763,HY
3764,HYBB
3765,HYD
3766,HYDR
3767,HYFM
3768,HYG
3769,HYGH
3770,HYLB
3771,HYLD
3772,HYLG
3773,HYLN
3774,HYLV
3775,HYMB
3776,HYMC
3777,HYPR
3778,HYRE
3779,HYS
3780,HYXU
3781,HYZD
3782,HYZN
3783,HZN
3784,HZNP
3785,HZO
3786,HZON
3787,HMY
3788,HNDL
3789,HNI
3790,HNRG
3791,HNST
3792,HOFT
3793,HOFV
3794,HOG
3795,HOLI
3796,HOLX
3797,HOMB
3798,HOMZ
3799,HON
3800,HONE
3801,HOOD
3802,HOOK
3803,HOPE
3804,HOTL
3805,HOUS
3806,HOWL
3807,HP
3808,HPE
3809,HPK
3810,HPP
3811,HPQ
3812,HQY
3813,HR
3814,HRB
3815,HRI
3816,HRL
3817,HRMY
3818,HROW
3819,HRT
3820,HRTG
3821,HRTX
3822,HRZN
3823,HSBC
3824,HSC
3825,HSIC
3826,HSII
3827,HSKA
3828,HST
3829,HSTM
3830,HSY
3831,HT
3832,HTBI
3833,HTBK
3834,HTEC
3835,HTGC
3836,HTH
3837,HTHT
3838,HTLD
3839,HTLF
3840,HTOO
3841,HTZ
3842,HUBB
3843,HUBG
3844,HUBS
3845,HUGE
3846,HUM
3847,HUMA
3848,HUN
3849,HURN
3850,HUSA
3851,HUT
3852,HUYA
3853,HVT
3854,HWC
3855,HWKN
3856,HWM
3857,HXL
3858,HY
3859,HYBB
3860,HYD
3861,HYDR
3862,HYFM
3863,HYG
3864,HYGH
3865,HYLB
3866,HYLD
3867,HYLG
3868,HYLN
3869,HYLV
3870,HYMB
3871,HYMC
3872,HYPR
3873,HYRE
3874,HYS
3875,HYXU
3876,HYZD
3877,HYZN
3878,HZN
3879,HZNP
3880,HZO
3881,HZON
3882,IAA
3883,IAC
3884,IAG
3885,IAGG
3886,IAI
3887,IAK
3888,IART
3889,IAS
3890,IAT
3891,IAU
3892,IAUF
3893,IBB
3894,IBBQ
3895,IBCP
3896,IBIO
3897,IBKR
3898,IBLC
3899,IBM
3900,IBN
3901,IBND
3902,IBOC
3903,IBP
3904,IBRN
3905,IBRX
3906,IBTX
3907,IBUY
3908,ICAD
3909,ICD
3910,ICE
3911,ICF
3912,ICFI
3913,ICHR
3914,ICL
3915,ICLK
3916,ICLN
3917,ICLR
3918,ICMB
3919,ICPT
3920,ICSH
3921,ICUI
3922,ICVT
3923,ICVX
3924,IDA
3925,IDAT
3926,IDCC
3927,IDEV
3928,IDEX
3929,IDLV
3930,IDN
3931,IDNA
3932,IDR
3933,IDRA
3934,IDRV
3935,IDT
3936,IDU
3937,IDV
3938,IDXX
3939,IDYA
3940,IEDI
3941,IEF
3942,IEFA
3943,IEI
3944,IEMG
3945,IEO
3946,IEP
3947,IETC
3948,IEUR
3949,IEV
3950,IEX
3951,IEZ
3952,IFF
3953,IFGL
3954,IFN
3955,IFRA
3956,IFRX
3957,IFV
3958,IGAC
3959,IGC
3960,IGE
3961,IGF
3962,IGHG
3963,IGIB
3964,IGIC
3965,IGLB
3966,IGLD
3967,IGM
3968,IGMS
3969,IGN
3970,IGOV
3971,IGRO
3972,IGSB
3973,IGT
3974,IGV
3975,IHAK
3976,IHDG
3977,IHE
3978,IHF
3979,IHI
3980,IHRT
3981,IHS
3982,IHY
3983,III
3984,IIIN
3985,IIIV
3986,IIPR
3987,IJH
3988,IJJ
3989,IJK
3990,IJR
3991,IJS
3992,IJT
3993,ILCB
3994,ILCG
3995,ILF
3996,ILMN
3997,ILPT
3998,IMAB
3999,IMAX
4000,IMBI
4001,IMCC
4002,IMCG
4003,IMCR
4004,IMGN
4005,IMGO
4006,IMH
4007,IMKTA
4008,IMMP
4009,IMMR
4010,IMNM
4011,IMO
4012,IMOS
4013,IMPP
4014,IMRA
4015,IMTM
4016,IMTX
4017,IMUX
4018,IMV
4019,IMVT
4020,IMXI
4021,INBK
4022,INBX
4023,INCO
4024,INCR
4025,INCY
4026,INDA
4027,INDB
4028,INDI
4029,INDL
4030,INDS
4031,INDT
4032,INDY
4033,INFA
4034,INFI
4035,INFL
4036,INFN
4037,INFU
4038,INFY
4039,ING
4040,INGN
4041,INGR
4042,INKM
4043,INMB
4044,INMD
4045,INN
4046,INNV
4047,INO
4048,INOD
4049,INQQ
4050,INSE
4051,INSG
4052,INSM
4053,INSP
4054,INST
4055,INSW
4056,INT
4057,INTA
4058,INTC
4059,INTF
4060,INTR
4061,INTT
4062,INTU
4063,INTZ
4064,INVA
4065,INVE
4066,INVH
4067,INVO
4068,INVZ
4069,INZY
4070,IONQ
4071,IONS
4072,IOO
4073,IOSP
4074,IOT
4075,IOVA
4076,IP
4077,IPA
4078,IPAC
4079,IPAR
4080,IPAY
4081,IPG
4082,IPGP
4083,IPI
4084,IPKW
4085,IPO
4086,IPOS
4087,IPSC
4088,IQ
4089,IQDF
4090,IQDG
4091,IQLT
4092,IQM
4093,IQV
4094,IR
4095,IRBO
4096,IRBT
4097,IRDM
4098,IREN
4099,IRIX
4100,IRM
4101,IRMD
4102,IRNT
4103,IRS
4104,IRT
4105,IRTC
4106,IRVH
4107,IRWD
4108,ISEE
4109,ISHP
4110,ISIG
4111,ISPO
4112,ISRA
4113,ISRG
4114,ISSC
4115,ISTB
4116,ISUN
4117,IT
4118,ITA
4119,ITB
4120,ITCI
4121,ITEQ
4122,ITGR
4123,ITI
4124,ITM
4125,ITOS
4126,ITOT
4127,ITP
4128,ITRI
4129,ITRN
4130,ITT
4131,ITUB
4132,ITW
4133,IUSB
4134,IUSG
4135,IUSV
4136,IVAC
4137,IVC
4138,IVE
4139,IVES
4140,IVLU
4141,IVOG
4142,IVOL
4143,IVOO
4144,IVOV
4145,IVR
4146,IVT
4147,IVV
4148,IVVD
4149,IVW
4150,IVZ
4151,IWB
4152,IWC
4153,IWD
4154,IWF
4155,IWFH
4156,IWIN
4157,IWL
4158,IWM
4159,IWN
4160,IWO
4161,IWP
4162,IWR
4163,IWS
4164,IWV
4165,IWX
4166,IWY
4167,IXC
4168,IXG
4169,IXJ
4170,IXN
4171,IXP
4172,IXUS
4173,IYC
4174,IYE
4175,IYF
4176,IYG
4177,IYH
4178,IYJ
4179,IYK
4180,IYM
4181,IYR
4182,IYT
4183,IYW
4184,IYY
4185,IYZ
4186,IZEA
4187,IZRL
4188,IYT
4189,IYW
4190,IYY
4191,IYZ
4192,IZEA
4193,IZRL
4194,IYT
4195,IYW
4196,IYY
4197,IYZ
4198,IZEA
4199,IZRL
4200,J
4201,JAAA
4202,JACK
4203,JAGX
4204,JAKK
4205,JAMF
4206,JANX
4207,JAZZ
4208,JBGS
4209,JBHT
4210,JBI
4211,JBL
4212,JBLU
4213,JBSS
4214,JBT
4215,JCI
4216,JCPI
4217,JD
4218,JDST
4219,JEF
4220,JELD
4221,JEPI
4222,JEPQ
4223,JETS
4224,JFIN
4225,JG
4226,JHG
4227,JHML
4228,JHMM
4229,JILL
4230,JIRE
4231,JJA
4232,JJC
4233,JJE
4234,JJG
4235,JJM
4236,JJN
4237,JJP
4238,JJS
4239,JJSF
4240,JJT
4241,JJU
4242,JKHY
4243,JKS
4244,JLL
4245,JMBS
4246,JMIA
4247,JMST
4248,JNCE
4249,JNJ
4250,JNK
4251,JNPR
4252,JNUG
4253,JO
4254,JOAN
4255,JOBY
4256,JOE
4257,JOET
4258,JPEM
4259,JPIN
4260,JPM
4261,JPST
4262,JPUS
4263,JQUA
4264,JRVR
4265,JSPR
4266,JSTC
4267,JTKWY
4268,JUST
4269,JVAL
4270,JWN
4271,JXI
4272,JXN
4273,JYNT
4274,J
4275,JAAA
4276,JACK
4277,JAGX
4278,JAKK
4279,JAMF
4280,JANX
4281,JAZZ
4282,JBGS
4283,JBHT
4284,JBI
4285,JBL
4286,JBLU
4287,JBSS
4288,JBT
4289,JCI
4290,JCPI
4291,JD
4292,JDST
4293,JEF
4294,JELD
4295,JEPI
4296,JEPQ
4297,JETS
4298,JFIN
4299,JG
4300,JHG
4301,JHML
4302,JHMM
4303,JILL
4304,JIRE
4305,JJA
4306,JJC
4307,JJE
4308,JJG
4309,JJM
4310,JJN
4311,JJP
4312,JJS
4313,JJSF
4314,JJT
4315,JJU
4316,JKHY
4317,JKS
4318,JLL
4319,JMBS
4320,JMIA
4321,JMST
4322,JNCE
4323,JNJ
4324,JNK
4325,JNPR
4326,JNUG
4327,JO
4328,JOAN
4329,JOBY
4330,JOE
4331,JOET
4332,JPEM
4333,JPIN
4334,JPM
4335,JPST
4336,JPUS
4337,JQUA
4338,JRVR
4339,JSPR
4340,JSTC
4341,JTKWY
4342,JUST
4343,JVAL
4344,JWN
4345,JXI
4346,JXN
4347,JYNT
4348,J
4349,JAAA
4350,JACK
4351,JAGX
4352,JAKK
4353,JAMF
4354,JANX
4355,JAZZ
4356,JBGS
4357,JBHT
4358,JBI
4359,JBL
4360,JBLU
4361,JBSS
4362,JBT
4363,JCI
4364,JCPI
4365,JD
4366,JDST
4367,JEF
4368,JELD
4369,JEPI
4370,JEPQ
4371,JETS
4372,JFIN
4373,JG
4374,JHG
4375,JHML
4376,JHMM
4377,JILL
4378,JIRE
4379,JJA
4380,JJC
4381,JJE
4382,JJG
4383,JJM
4384,JJN
4385,JJP
4386,JJS
4387,JJSF
4388,JJT
4389,JJU
4390,JKHY
4391,JKS
4392,JLL
4393,JMBS
4394,JMIA
4395,JMST
4396,JNCE
4397,JNJ
4398,JNK
4399,JNPR
4400,JNUG
4401,JO
4402,JOAN
4403,JOBY
4404,JOE
4405,JOET
4406,JPEM
4407,JPIN
4408,JPM
4409,JPST
4410,JPUS
4411,JQUA
4412,JRVR
4413,JSPR
4414,JSTC
4415,JTKWY
4416,JUST
4417,JVAL
4418,JWN
4419,JXI
4420,JXN
4421,JYNT
4422,J
4423,JAAA
4424,JACK
4425,JAGX
4426,JAKK
4427,JAMF
4428,JANX
4429,JAZZ
4430,JBGS
4431,JBHT
4432,JBI
4433,JBL
4434,JBLU
4435,JBSS
4436,JBT
4437,JCI
4438,JCPI
4439,JD
4440,JDST
4441,JEF
4442,JELD
4443,JEPI
4444,JEPQ
4445,JETS
4446,JFIN
4447,JG
4448,JHG
4449,JHML
4450,JHMM
4451,JILL
4452,JIRE
4453,JJA
4454,JJC
4455,JJE
4456,JJG
4457,JJM
4458,JJN
4459,JJP
4460,JJS
4461,JJSF
4462,JJT
4463,JJU
4464,JKHY
4465,JKS
4466,JLL
4467,JMBS
4468,JMIA
4469,JMST
4470,JNCE
4471,JNJ
4472,JNK
4473,JNPR
4474,JNUG
4475,JO
4476,JOAN
4477,JOBY
4478,JOE
4479,JOET
4480,JPEM
4481,JPIN
4482,JPM
4483,JPST
4484,JPUS
4485,JQUA
4486,JRVR
4487,JSPR
4488,JSTC
4489,JTKWY
4490,JUST
4491,JVAL
4492,JWN
4493,JXI
4494,JXN
4495,JYNT
4496,J
4497,JAAA
4498,JACK
4499,JAGX
4500,JAKK
4501,JAMF
4502,JANX
4503,JAZZ
4504,JBGS
4505,JBHT
4506,JBI
4507,JBL
4508,JBLU
4509,JBSS
4510,JBT
4511,JCI
4512,JCPI
4513,JD
4514,JDST
4515,JEF
4516,JELD
4517,JEPI
4518,JEPQ
4519,JETS
4520,JFIN
4521,JG
4522,JHG
4523,JHML
4524,JHMM
4525,JILL
4526,JIRE
4527,JJA
4528,JJC
4529,JJE
4530,JJG
4531,JJM
4532,JJN
4533,JJP
4534,JJS
4535,JJSF
4536,JJT
4537,JJU
4538,JKHY
4539,JKS
4540,JLL
4541,JMBS
4542,JMIA
4543,JMST
4544,JNCE
4545,JNJ
4546,JNK
4547,JNPR
4548,JNUG
4549,JO
4550,JOAN
4551,JOBY
4552,JOE
4553,JOET
4554,JPEM
4555,JPIN
4556,JPM
4557,JPST
4558,JPUS
4559,JQUA
4560,JRVR
4561,JSPR
4562,JSTC
4563,JTKWY
4564,JUST
4565,JVAL
4566,JWN
4567,JXI
4568,JXN
4569,JYNT
4570,J
4571,JAAA
4572,JACK
4573,JAGX
4574,JAKK
4575,JAMF
4576,JANX
4577,JAZZ
4578,JBGS
4579,JBHT
4580,JBI
4581,JBL
4582,JBLU
4583,JBSS
4584,JBT
4585,JCI
4586,JCPI
4587,JD
4588,JDST
4589,JEF
4590,JELD
4591,JEPI
4592,JEPQ
4593,JETS
4594,JFIN
4595,JG
4596,JHG
4597,JHML
4598,JHMM
4599,JILL
4600,JIRE
4601,JJA
4602,JJC
4603,JJE
4604,JJG
4605,JJM
4606,JJN
4607,JJP
4608,JJS
4609,JJSF
4610,JJT
4611,JJU
4612,JKHY
4613,JKS
4614,JLL
4615,JMBS
4616,JMIA
4617,JMST
4618,JNCE
4619,JNJ
4620,JNK
4621,JNPR
4622,JNUG
4623,JO
4624,JOAN
4625,JOBY
4626,JOE
4627,JOET
4628,JPEM
4629,JPIN
4630,JPM
4631,JPST
4632,JPUS
4633,JQUA
4634,JRVR
4635,JSPR
4636,JSTC
4637,JTKWY
4638,JUST
4639,JVAL
4640,JWN
4641,JXI
4642,JXN
4643,JYNT
4644,K
4645,KAI
4646,KALA
4647,KALL
4648,KALU
4649,KALV
4650,KAMN
4651,KAR
4652,KARS
4653,KB
4654,KBA
4655,KBAL
4656,KBE
4657,KBH
4658,KBNT
4659,KBR
4660,KBUY
4661,KBWB
4662,KBWD
4663,KBWP
4664,KBWR
4665,KBWY
4666,KC
4667,KCCA
4668,KCE
4669,KD
4670,KDNY
4671,KDP
4672,KE
4673,KELYA
4674,KEMQ
4675,KEMX
4676,KEP
4677,KERN
4678,KEUA
4679,KEX
4680,KEY
4681,KEYS
4682,KFRC
4683,KFS
4684,KFVG
4685,KFY
4686,KFYP
4687,KGC
4688,KGRN
4689,KHC
4690,KIDS
4691,KIE
4692,KIM
4693,KIND
4694,KINS
4695,KIRK
4696,KKR
4697,KLAC
4698,KLCD
4699,KLIC
4700,KLNE
4701,KLR
4702,KLTR
4703,KLXE
4704,KMB
4705,KMDA
4706,KMED
4707,KMI
4708,KMLM
4709,KMPH
4710,KMPR
4711,KMT
4712,KMX
4713,KN
4714,KNBE
4715,KNDI
4716,KNOP
4717,KNSA
4718,KNSL
4719,KNTE
4720,KNX
4721,KO
4722,KOD
4723,KODK
4724,KOF
4725,KOLD
4726,KOMP
4727,KOP
4728,KOPN
4729,KORU
4730,KOS
4731,KPLT
4732,KPTI
4733,KR
4734,KRBN
4735,KRBP
4736,KRC
4737,KRE
4738,KREF
4739,KRG
4740,KRMA
4741,KRMD
4742,KRNT
4743,KRNY
4744,KRO
4745,KRON
4746,KROP
4747,KROS
4748,KRP
4749,KRTX
4750,KRYS
4751,KSA
4752,KSCD
4753,KSS
4754,KSTR
4755,KT
4756,KTB
4757,KTCC
4758,KTEC
4759,KTOS
4760,KULR
4761,KURA
4762,KURE
4763,KVHI
4764,KVSA
4765,KW
4766,KWEB
4767,KWR
4768,KXI
4769,KXIN
4770,KYMR
4771,KYN
4772,KZIA
4773,KZR
4774,KRO
4775,KRON
4776,KROP
4777,KROS
4778,KRP
4779,KRTX
4780,KRYS
4781,KSA
4782,KSCD
4783,KSS
4784,KSTR
4785,KT
4786,KTB
4787,KTCC
4788,KTEC
4789,KTOS
4790,KULR
4791,KURA
4792,KURE
4793,KVHI
4794,KVSA
4795,KW
4796,KWEB
4797,KWR
4798,KXI
4799,KXIN
4800,KYMR
4801,KYN
4802,KZIA
4803,KZR
4804,KRO
4805,KRON
4806,KROP
4807,KROS
4808,KRP
4809,KRTX
4810,KRYS
4811,KSA
4812,KSCD
4813,KSS
4814,KSTR
4815,KT
4816,KTB
4817,KTCC
4818,KTEC
4819,KTOS
4820,KULR
4821,KURA
4822,KURE
4823,KVHI
4824,KVSA
4825,KW
4826,KWEB
4827,KWR
4828,KXI
4829,KXIN
4830,KYMR
4831,KYN
4832,KZIA
4833,KZR
4834,KRO
4835,KRON
4836,KROP
4837,KROS
4838,KRP
4839,KRTX
4840,KRYS
4841,KSA
4842,KSCD
4843,KSS
4844,KSTR
4845,KT
4846,KTB
4847,KTCC
4848,KTEC
4849,KTOS
4850,KULR
4851,KURA
4852,KURE
4853,KVHI
4854,KVSA
4855,KW
4856,KWEB
4857,KWR
4858,KXI
4859,KXIN
4860,KYMR
4861,KYN
4862,KZIA
4863,KZR
4864,KRO
4865,KRON
4866,KROP
4867,KROS
4868,KRP
4869,KRTX
4870,KRYS
4871,KSA
4872,KSCD
4873,KSS
4874,KSTR
4875,KT
4876,KTB
4877,KTCC
4878,KTEC
4879,KTOS
4880,KULR
4881,KURA
4882,KURE
4883,KVHI
4884,KVSA
4885,KW
4886,KWEB
4887,KWR
4888,KXI
4889,KXIN
4890,KYMR
4891,KYN
4892,KZIA
4893,KZR
4894,L
4895,LAB
4896,LABD
4897,LABU
4898,LAC
4899,LAD
4900,LADR
4901,LAKE
4902,LAMR
4903,LANC
4904,LAND
4905,LASR
4906,LAUR
4907,LAW
4908,LAZ
4909,LAZR
4910,LAZY
4911,LBAI
4912,LBC
4913,LBRDA
4914,LBRDK
4915,LBRT
4916,LBTYA
4917,LBTYK
4918,LC
4919,LCI
4920,LCID
4921,LCII
4922,LCNB
4923,LCTD
4924,LCTU
4925,LCTX
4926,LCUT
4927,LD
4928,LDEM
4929,LDI
4930,LDOS
4931,LE
4932,LEA
4933,LECO
4934,LEE
4935,LEG
4936,LEGH
4937,LEGN
4938,LEGR
4939,LEJU
4940,LEMB
4941,LEN
4942,LESL
4943,LETB
4944,LEU
4945,LEV
4946,LEVI
4947,LFCR
4948,LFLY
4949,LFMD
4950,LFST
4951,LFT
4952,LFUS
4953,LFVN
4954,LGF.A
4955,LGF.B
4956,LGHL
4957,LGIH
4958,LGLV
4959,LGMK
4960,LGND
4961,LGO
4962,LH
4963,LHCG
4964,LHDX
4965,LHX
4966,LI
4967,LICY
4968,LIDR
4969,LIFE
4970,LII
4971,LILA
4972,LILAK
4973,LILM
4974,LIN
4975,LINC
4976,LIND
4977,LIQT
4978,LIT
4979,LITE
4980,LITM
4981,LIVN
4982,LIZI
4983,LKFN
4984,LKNCY
4985,LKQ
4986,LL
4987,LLAP
4988,LLY
4989,LMAT
4990,LMB
4991,LMBS
4992,LMFA
4993,LMND
4994,LMNL
4995,LMNR
4996,LMT
4997,LNC
4998,LNG
4999,LNN
5000,LNSR
5001,LNT
5002,LNTH
5003,LNW
5004,LOAN
5005,LOB
5006,LOCL
5007,LOCO
5008,LODE
5009,LOGI
5010,LOMA
5011,LOOP
5012,LOPE
5013,LOUP
5014,LOV
5015,LOVE
5016,LOW
5017,LPCN
5018,LPG
5019,LPL
5020,LPLA
5021,LPRO
5022,LPSN
5023,LPTX
5024,LPX
5025,LQD
5026,LQDA
5027,LQDH
5028,LQDI
5029,LQDT
5030,LQIG
5031,LRCX
5032,LRFC
5033,LRGF
5034,LRMR
5035,LRN
5036,LRND
5037,LRNZ
5038,LSAK
5039,LSCC
5040,LSI
5041,LSPD
5042,LSTA
5043,LSTR
5044,LSXMA
5045,LSXMK
5046,LTBR
5047,LTC
5048,LTCH
5049,LTH
5050,LTHM
5051,LTL
5052,LTPZ
5053,LTRN
5054,LTRPA
5055,LTRX
5056,LTRY
5057,LU
5058,LULU
5059,LUMN
5060,LUNA
5061,LUNG
5062,LUV
5063,LVHD
5064,LVHI
5065,LVLU
5066,LVO
5067,LVOX
5068,LVS
5069,LVTX
5070,LVWR
5071,LW
5072,LWLG
5073,LX
5074,LXFR
5075,LXP
5076,LXRX
5077,LXU
5078,LYB
5079,LYEL
5080,LYFT
5081,LYG
5082,LYLT
5083,LYRA
5084,LYTS
5085,LYV
5086,LZ
5087,LZB
5088,LMNL
5089,LMNR
5090,LMT
5091,LNC
5092,LNG
5093,LNN
5094,LNSR
5095,LNT
5096,LNTH
5097,LNW
5098,LOAN
5099,LOB
5100,LOCL
5101,LOCO
5102,LODE
5103,LOGI
5104,LOMA
5105,LOOP
5106,LOPE
5107,LOUP
5108,LOV
5109,LOVE
5110,LOW
5111,LPCN
5112,LPG
5113,LPL
5114,LPLA
5115,LPRO
5116,LPSN
5117,LPTX
5118,LPX
5119,LQD
5120,LQDA
5121,LQDH
5122,LQDI
5123,LQDT
5124,LQIG
5125,LRCX
5126,LRFC
5127,LRGF
5128,LRMR
5129,LRN
5130,LRND
5131,LRNZ
5132,LSAK
5133,LSCC
5134,LSI
5135,LSPD
5136,LSTA
5137,LSTR
5138,LSXMA
5139,LSXMK
5140,LTBR
5141,LTC
5142,LTCH
5143,LTH
5144,LTHM
5145,LTL
5146,LTPZ
5147,LTRN
5148,LTRPA
5149,LTRX
5150,LTRY
5151,LU
5152,LULU
5153,LUMN
5154,LUNA
5155,LUNG
5156,LUV
5157,LVHD
5158,LVHI
5159,LVLU
5160,LVO
5161,LVOX
5162,LVS
5163,LVTX
5164,LVWR
5165,LW
5166,LWLG
5167,LX
5168,LXFR
5169,LXP
5170,LXRX
5171,LXU
5172,LYB
5173,LYEL
5174,LYFT
5175,LYG
5176,LYLT
5177,LYRA
5178,LYTS
5179,LYV
5180,LZ
5181,LZB
5182,LMNL
5183,LMNR
5184,LMT
5185,LNC
5186,LNG
5187,LNN
5188,LNSR
5189,LNT
5190,LNTH
5191,LNW
5192,LOAN
5193,LOB
5194,LOCL
5195,LOCO
5196,LODE
5197,LOGI
5198,LOMA
5199,LOOP
5200,LOPE
5201,LOUP
5202,LOV
5203,LOVE
5204,LOW
5205,LPCN
5206,LPG
5207,LPL
5208,LPLA
5209,LPRO
5210,LPSN
5211,LPTX
5212,LPX
5213,LQD
5214,LQDA
5215,LQDH
5216,LQDI
5217,LQDT
5218,LQIG
5219,LRCX
5220,LRFC
5221,LRGF
5222,LRMR
5223,LRN
5224,LRND
5225,LRNZ
5226,LSAK
5227,LSCC
5228,LSI
5229,LSPD
5230,LSTA
5231,LSTR
5232,LSXMA
5233,LSXMK
5234,LTBR
5235,LTC
5236,LTCH
5237,LTH
5238,LTHM
5239,LTL
5240,LTPZ
5241,LTRN
5242,LTRPA
5243,LTRX
5244,LTRY
5245,LU
5246,LULU
5247,LUMN
5248,LUNA
5249,LUNG
5250,LUV
5251,LVHD
5252,LVHI
5253,LVLU
5254,LVO
5255,LVOX
5256,LVS
5257,LVTX
5258,LVWR
5259,LW
5260,LWLG
5261,LX
5262,LXFR
5263,LXP
5264,LXRX
5265,LXU
5266,LYB
5267,LYEL
5268,LYFT
5269,LYG
5270,LYLT
5271,LYRA
5272,LYTS
5273,LYV
5274,LZ
5275,LZB
5276,LMNL
5277,LMNR
5278,LMT
5279,LNC
5280,LNG
5281,LNN
5282,LNSR
5283,LNT
5284,LNTH
5285,LNW
5286,LOAN
5287,LOB
5288,LOCL
5289,LOCO
5290,LODE
5291,LOGI
5292,LOMA
5293,LOOP
5294,LOPE
5295,LOUP
5296,LOV
5297,LOVE
5298,LOW
5299,LPCN
5300,LPG
5301,LPL
5302,LPLA
5303,LPRO
5304,LPSN
5305,LPTX
5306,LPX
5307,LQD
5308,LQDA
5309,LQDH
5310,LQDI
5311,LQDT
5312,LQIG
5313,LRCX
5314,LRFC
5315,LRGF
5316,LRMR
5317,LRN
5318,LRND
5319,LRNZ
5320,LSAK
5321,LSCC
5322,LSI
5323,LSPD
5324,LSTA
5325,LSTR
5326,LSXMA
5327,LSXMK
5328,LTBR
5329,LTC
5330,LTCH
5331,LTH
5332,LTHM
5333,LTL
5334,LTPZ
5335,LTRN
5336,LTRPA
5337,LTRX
5338,LTRY
5339,LU
5340,LULU
5341,LUMN
5342,LUNA
5343,LUNG
5344,LUV
5345,LVHD
5346,LVHI
5347,LVLU
5348,LVO
5349,LVOX
5350,LVS
5351,LVTX
5352,LVWR
5353,LW
5354,LWLG
5355,LX
5356,LXFR
5357,LXP
5358,LXRX
5359,LXU
5360,LYB
5361,LYEL
5362,LYFT
5363,LYG
5364,LYLT
5365,LYRA
5366,LYTS
5367,LYV
5368,LZ
5369,LZB
5370,LMNL
5371,LMNR
5372,LMT
5373,LNC
5374,LNG
5375,LNN
5376,LNSR
5377,LNT
5378,LNTH
5379,LNW
5380,LOAN
5381,LOB
5382,LOCL
5383,LOCO
5384,LODE
5385,LOGI
5386,LOMA
5387,LOOP
5388,LOPE
5389,LOUP
5390,LOV
5391,LOVE
5392,LOW
5393,LPCN
5394,LPG
5395,LPL
5396,LPLA
5397,LPRO
5398,LPSN
5399,LPTX
5400,LPX
5401,LQD
5402,LQDA
5403,LQDH
5404,LQDI
5405,LQDT
5406,LQIG
5407,LRCX
5408,LRFC
5409,LRGF
5410,LRMR
5411,LRN
5412,LRND
5413,LRNZ
5414,LSAK
5415,LSCC
5416,LSI
5417,LSPD
5418,LSTA
5419,LSTR
5420,LSXMA
5421,LSXMK
5422,LTBR
5423,LTC
5424,LTCH
5425,LTH
5426,LTHM
5427,LTL
5428,LTPZ
5429,LTRN
5430,LTRPA
5431,LTRX
5432,LTRY
5433,LU
5434,LULU
5435,LUMN
5436,LUNA
5437,LUNG
5438,LUV
5439,LVHD
5440,LVHI
5441,LVLU
5442,LVO
5443,LVOX
5444,LVS
5445,LVTX
5446,LVWR
5447,LW
5448,LWLG
5449,LX
5450,LXFR
5451,LXP
5452,LXRX
5453,LXU
5454,LYB
5455,LYEL
5456,LYFT
5457,LYG
5458,LYLT
5459,LYRA
5460,LYTS
5461,LYV
5462,LZ
5463,LZB
5464,M
5465,MA
5466,MAA
5467,MAC
5468,MACK
5469,MAG
5470,MAGA
5471,MAIN
5472,MAKX
5473,MAN
5474,MANH
5475,MANU
5476,MAPS
5477,MAR
5478,MARA
5479,MARK
5480,MAS
5481,MASI
5482,MASS
5483,MAT
5484,MATV
5485,MATW
5486,MATX
5487,MAX
5488,MAXN
5489,MAXR
5490,MBB
5491,MBC
5492,MBI
5493,MBIN
5494,MBIO
5495,MBLY
5496,MBOT
5497,MBUU
5498,MBWM
5499,MC
5500,MCB
5501,MCBC
5502,MCBS
5503,MCD
5504,MCFT
5505,MCG
5506,MCHI
5507,MCHP
5508,MCHX
5509,MCK
5510,MCO
5511,MCRB
5512,MCRI
5513,MCS
5514,MCW
5515,MCY
5516,MD
5517,MDB
5518,MDC
5519,MDEV
5520,MDGL
5521,MDGS
5522,MDIV
5523,MDLZ
5524,MDRX
5525,MDT
5526,MDU
5527,MDVL
5528,MDWD
5529,MDXG
5530,MDY
5531,MDYG
5532,MDYV
5533,ME
5534,MEC
5535,MED
5536,MEDP
5537,MEG
5538,MEI
5539,MEIP
5540,MELI
5541,MEME
5542,MEOH
5543,MERC
5544,MESA
5545,MESO
5546,MET
5547,META
5548,METC
5549,METV
5550,MEXX
5551,MFA
5552,MFC
5553,MFG
5554,MFGP
5555,MFH
5556,MFIC
5557,MFIN
5558,MG
5559,MGA
5560,MGC
5561,MGEE
5562,MGI
5563,MGIC
5564,MGK
5565,MGM
5566,MGNI
5567,MGNX
5568,MGPI
5569,MGRC
5570,MGTA
5571,MGTX
5572,MGV
5573,MGY
5574,MHK
5575,MHLD
5576,MHO
5577,MIDD
5578,MIDU
5579,MILN
5580,MIMO
5581,MIND
5582,MINT
5583,MIR
5584,MIRM
5585,MIRO
5586,MIST
5587,MITK
5588,MITT
5589,MIXT
5590,MJ
5591,MKC
5592,MKFG
5593,MKL
5594,MKSI
5595,MKTW
5596,MKTX
5597,ML
5598,MLCO
5599,MLI
5600,MLKN
5601,MLM
5602,MLN
5603,MLNK
5604,MLPA
5605,MLPX
5606,MLR
5607,MLSS
5608,MMAT
5609,MMC
5610,MMI
5611,MMLP
5612,MMM
5613,MMP
5614,MMS
5615,MMSI
5616,MMTM
5617,MMYT
5618,MNDO
5619,MNDY
5620,MNKD
5621,MNM
5622,MNMD
5623,MNOV
5624,MNRO
5625,MNSO
5626,MNST
5627,MNTK
5628,MNTS
5629,MNTV
5630,MNTX
5631,MO
5632,MOAT
5633,MOD
5634,MODG
5635,MODN
5636,MODV
5637,MOG.A
5638,MOGO
5639,MOH
5640,MOMO
5641,MOO
5642,MOON
5643,MOR
5644,MORF
5645,MORN
5646,MORT
5647,MOS
5648,MOV
5649,MOXC
5650,MP
5651,MPAA
5652,MPC
5653,MPLN
5654,MPLX
5655,MPW
5656,MPWR
5657,MPX
5658,MQ
5659,MRAI
5660,MRAM
5661,MRC
5662,MRCC
5663,MRCY
5664,MREO
5665,MRIN
5666,MRK
5667,MRKR
5668,MRNA
5669,MRNS
5670,MRO
5671,MRSN
5672,MRTN
5673,MRTX
5674,MRUS
5675,MRVI
5676,MRVL
5677,MS
5678,MSA
5679,MSB
5680,MSBI
5681,MSCI
5682,MSEX
5683,MSFT
5684,MSGE
5685,MSGR
5686,MSGS
5687,MSI
5688,MSM
5689,MSOS
5690,MSTR
5691,MT
5692,MTA
5693,MTB
5694,MTCH
5695,MTCR
5696,MTD
5697,MTDR
5698,MTEM
5699,MTG
5700,MTH
5701,MTLS
5702,MTN
5703,MTRN
5704,MTRX
5705,MTSI
5706,MTTR
5707,MTUM
5708,MTVR
5709,MTW
5710,MTX
5711,MTZ
5712,MU
5713,MUB
5714,MUFG
5715,MULN
5716,MUNI
5717,MUR
5718,MUSA
5719,MUX
5720,MVBF
5721,MVIS
5722,MVO
5723,MVPS
5724,MVST
5725,MVV
5726,MWA
5727,MX
5728,MXCT
5729,MXI
5730,MXL
5731,MYE
5732,MYGN
5733,MYMD
5734,MYOV
5735,MYPS
5736,MYRG
5737,MYTE
5738,MYY
5739,MZZ
5740,MREO
5741,MRIN
5742,MRK
5743,MRKR
5744,MRNA
5745,MRNS
5746,MRO
5747,MRSN
5748,MRTN
5749,MRTX
5750,MRUS
5751,MRVI
5752,MRVL
5753,MS
5754,MSA
5755,MSB
5756,MSBI
5757,MSCI
5758,MSEX
5759,MSFT
5760,MSGE
5761,MSGR
5762,MSGS
5763,MSI
5764,MSM
5765,MSOS
5766,MSTR
5767,MT
5768,MTA
5769,MTB
5770,MTCH
5771,MTCR
5772,MTD
5773,MTDR
5774,MTEM
5775,MTG
5776,MTH
5777,MTLS
5778,MTN
5779,MTRN
5780,MTRX
5781,MTSI
5782,MTTR
5783,MTUM
5784,MTVR
5785,MTW
5786,MTX
5787,MTZ
5788,MU
5789,MUB
5790,MUFG
5791,MULN
5792,MUNI
5793,MUR
5794,MUSA
5795,MUX
5796,MVBF
5797,MVIS
5798,MVO
5799,MVPS
5800,MVST
5801,MVV
5802,MWA
5803,MX
5804,MXCT
5805,MXI
5806,MXL
5807,MYE
5808,MYGN
5809,MYMD
5810,MYOV
5811,MYPS
5812,MYRG
5813,MYTE
5814,MYY
5815,MZZ
5816,MREO
5817,MRIN
5818,MRK
5819,MRKR
5820,MRNA
5821,MRNS
5822,MRO
5823,MRSN
5824,MRTN
5825,MRTX
5826,MRUS
5827,MRVI
5828,MRVL
5829,MS
5830,MSA
5831,MSB
5832,MSBI
5833,MSCI
5834,MSEX
5835,MSFT
5836,MSGE
5837,MSGR
5838,MSGS
5839,MSI
5840,MSM
5841,MSOS
5842,MSTR
5843,MT
5844,MTA
5845,MTB
5846,MTCH
5847,MTCR
5848,MTD
5849,MTDR
5850,MTEM
5851,MTG
5852,MTH
5853,MTLS
5854,MTN
5855,MTRN
5856,MTRX
5857,MTSI
5858,MTTR
5859,MTUM
5860,MTVR
5861,MTW
5862,MTX
5863,MTZ
5864,MU
5865,MUB
5866,MUFG
5867,MULN
5868,MUNI
5869,MUR
5870,MUSA
5871,MUX
5872,MVBF
5873,MVIS
5874,MVO
5875,MVPS
5876,MVST
5877,MVV
5878,MWA
5879,MX
5880,MXCT
5881,MXI
5882,MXL
5883,MYE
5884,MYGN
5885,MYMD
5886,MYOV
5887,MYPS
5888,MYRG
5889,MYTE
5890,MYY
5891,MZZ
5892,MREO
5893,MRIN
5894,MRK
5895,MRKR
5896,MRNA
5897,MRNS
5898,MRO
5899,MRSN
5900,MRTN
5901,MRTX
5902,MRUS
5903,MRVI
5904,MRVL
5905,MS
5906,MSA
5907,MSB
5908,MSBI
5909,MSCI
5910,MSEX
5911,MSFT
5912,MSGE
5913,MSGR
5914,MSGS
5915,MSI
5916,MSM
5917,MSOS
5918,MSTR
5919,MT
5920,MTA
5921,MTB
5922,MTCH
5923,MTCR
5924,MTD
5925,MTDR
5926,MTEM
5927,MTG
5928,MTH
5929,MTLS
5930,MTN
5931,MTRN
5932,MTRX
5933,MTSI
5934,MTTR
5935,MTUM
5936,MTVR
5937,MTW
5938,MTX
5939,MTZ
5940,MU
5941,MUB
5942,MUFG
5943,MULN
5944,MUNI
5945,MUR
5946,MUSA
5947,MUX
5948,MVBF
5949,MVIS
5950,MVO
5951,MVPS
5952,MVST
5953,MVV
5954,MWA
5955,MX
5956,MXCT
5957,MXI
5958,MXL
5959,MYE
5960,MYGN
5961,MYMD
5962,MYOV
5963,MYPS
5964,MYRG
5965,MYTE
5966,MYY
5967,MZZ
5968,NAAS
5969,NABL
5970,NAIL
5971,NAK
5972,NAN
5973,NANR
5974,NAPA
5975,NARI
5976,NAT
5977,NATI
5978,NATR
5979,NAUT
5980,NAVB
5981,NAVI
5982,NBHC
5983,NBIX
5984,NBR
5985,NBRV
5986,NBSE
5987,NBTB
5988,NCLH
5989,NCMI
5990,NCNO
5991,NCR
5992,NCTY
5993,NDAQ
5994,NDLS
5995,NDSN
5996,NE
5997,NEAR
5998,NECB
5999,NEE
6000,NEGG
6001,NEM
6002,NEO
6003,NEOG
6004,NEON
6005,NEP
6006,NEPT
6007,NERD
6008,NERV
6009,NESR
6010,NET
6011,NETI
6012,NETL
6013,NETZ
6014,NEU
6015,NEWP
6016,NEWR
6017,NEWT
6018,NEX
6019,NEXA
6020,NEXT
6021,NFBK
6022,NFE
6023,NFG
6024,NFGC
6025,NFLX
6026,NFRA
6027,NFTZ
6028,NG
6029,NGD
6030,NGG
6031,NGL
6032,NGM
6033,NGMS
6034,NGS
6035,NGVC
6036,NGVT
6037,NH
6038,NHC
6039,NHI
6040,NHTC
6041,NHWK
6042,NI
6043,NIB
6044,NIC
6045,NICE
6046,NINE
6047,NIO
6048,NIU
6049,NIWM
6050,NJR
6051,NKE
6052,NKEL
6053,NKEQ
6054,NKLA
6055,NKTR
6056,NKTX
6057,NL
6058,NLR
6059,NLS
6060,NLTX
6061,NLY
6062,NM
6063,NMFC
6064,NMG
6065,NMIH
6066,NMM
6067,NMR
6068,NMRD
6069,NMRK
6070,NMTC
6071,NMTR
6072,NNBR
6073,NNDM
6074,NNI
6075,NNN
6076,NNOX
6077,NNVC
6078,NOA
6079,NOAH
6080,NOBL
6081,NOC
6082,NOG
6083,NOK
6084,NOMD
6085,NOTV
6086,NOV
6087,NOVA
6088,NOVN
6089,NOVT
6090,NOW
6091,NPO
6092,NR
6093,NRBO
6094,NRC
6095,NRDS
6096,NRDY
6097,NREF
6098,NRG
6099,NRGV
6100,NRIX
6101,NRP
6102,NRT
6103,NRXP
6104,NS
6105,NSA
6106,NSC
6107,NSIT
6108,NSP
6109,NSPR
6110,NSPY
6111,NSSC
6112,NSTB
6113,NSTG
6114,NTAP
6115,NTB
6116,NTCO
6117,NTCT
6118,NTES
6119,NTGR
6120,NTLA
6121,NTNX
6122,NTR
6123,NTRA
6124,NTRS
6125,NTST
6126,NTWK
6127,NU
6128,NUE
6129,NUGT
6130,NUS
6131,NUSC
6132,NUSI
6133,NUVA
6134,NUVB
6135,NUVL
6136,NUZE
6137,NVAX
6138,NVCR
6139,NVDA
6140,NVDS
6141,NVEE
6142,NVEI
6143,NVGS
6144,NVMI
6145,NVNO
6146,NVO
6147,NVRO
6148,NVS
6149,NVST
6150,NVT
6151,NVTA
6152,NVTS
6153,NVVE
6154,NVX
6155,NWBI
6156,NWE
6157,NWG
6158,NWL
6159,NWN
6160,NWPX
6161,NWS
6162,NWSA
6163,NWTN
6164,NX
6165,NXE
6166,NXGN
6167,NXPI
6168,NXRT
6169,NXST
6170,NXTC
6171,NXTG
6172,NYC
6173,NYCB
6174,NYMT
6175,NYMX
6176,NYT
6177,NZAC
6178,NZRO
6179,NZUS
6180,NXRT
6181,NXST
6182,NXTC
6183,NXTG
6184,NYC
6185,NYCB
6186,NYMT
6187,NYMX
6188,NYT
6189,NZAC
6190,NZRO
6191,NZUS
6192,NXRT
6193,NXST
6194,NXTC
6195,NXTG
6196,NYC
6197,NYCB
6198,NYMT
6199,NYMX
6200,NYT
6201,NZAC
6202,NZRO
6203,NZUS
6204,NXRT
6205,NXST
6206,NXTC
6207,NXTG
6208,NYC
6209,NYCB
6210,NYMT
6211,NYMX
6212,NYT
6213,NZAC
6214,NZRO
6215,NZUS
6216,O
6217,OABI
6218,OACP
6219,OB
6220,OBE
6221,OBLG
6222,OBOR
6223,OBSV
6224,OC
6225,OCFC
6226,OCFT
6227,OCG
6228,OCGN
6229,OCN
6230,OCSL
6231,OCUL
6232,OCUP
6233,OCX
6234,ODDS
6235,ODFL
6236,ODP
6237,ODTC
6238,ODV
6239,OEC
6240,OEF
6241,OESX
6242,OFC
6243,OFG
6244,OFIX
6245,OFS
6246,OGE
6247,OGI
6248,OGIG
6249,OGN
6250,OGS
6251,OHI
6252,OI
6253,OIG
6254,OIH
6255,OII
6256,OIIM
6257,OIL
6258,OILK
6259,OIS
6260,OKE
6261,OKTA
6262,OLED
6263,OLK
6264,OLLI
6265,OLMA
6266,OLN
6267,OLO
6268,OLP
6269,OLPX
6270,OM
6271,OMAB
6272,OMC
6273,OMCL
6274,OMER
6275,OMEX
6276,OMF
6277,OMFL
6278,OMGA
6279,OMI
6280,OMIC
6281,ON
6282,ONB
6283,ONCR
6284,ONCS
6285,ONCT
6286,OND
6287,ONDS
6288,ONEM
6289,ONEO
6290,ONEQ
6291,ONEV
6292,ONEW
6293,ONEY
6294,ONG
6295,ONL
6296,ONLN
6297,ONON
6298,ONTF
6299,ONTO
6300,ONTX
6301,ONVO
6302,OOMA
6303,OOTO
6304,OPAD
6305,OPBK
6306,OPCH
6307,OPEN
6308,OPFI
6309,OPI
6310,OPK
6311,OPRA
6312,OPRT
6313,OPRX
6314,OPTN
6315,OPTT
6316,OPY
6317,OR
6318,ORA
6319,ORAN
6320,ORC
6321,ORCC
6322,ORCL
6323,ORFN
6324,ORGN
6325,ORGO
6326,ORGS
6327,ORI
6328,ORIC
6329,ORLA
6330,ORLY
6331,ORMP
6332,ORN
6333,ORRF
6334,ORTX
6335,OSBC
6336,OSCR
6337,OSG
6338,OSH
6339,OSIS
6340,OSK
6341,OSPN
6342,OSS
6343,OSTK
6344,OSUR
6345,OSW
6346,OTEX
6347,OTIS
6348,OTLY
6349,OTMO
6350,OTRK
6351,OTTR
6352,OUNZ
6353,OUSA
6354,OUSM
6355,OUST
6356,OUT
6357,OVID
6358,OVLH
6359,OVT
6360,OVV
6361,OWL
6362,OWLT
6363,OXM
6364,OXSQ
6365,OXY
6366,OZK
6367,OPY
6368,OR
6369,ORA
6370,ORAN
6371,ORC
6372,ORCC
6373,ORCL
6374,ORFN
6375,ORGN
6376,ORGO
6377,ORGS
6378,ORI
6379,ORIC
6380,ORLA
6381,ORLY
6382,ORMP
6383,ORN
6384,ORRF
6385,ORTX
6386,OSBC
6387,OSCR
6388,OSG
6389,OSH
6390,OSIS
6391,OSK
6392,OSPN
6393,OSS
6394,OSTK
6395,OSUR
6396,OSW
6397,OTEX
6398,OTIS
6399,OTLY
6400,OTMO
6401,OTRK
6402,OTTR
6403,OUNZ
6404,OUSA
6405,OUSM
6406,OUST
6407,OUT
6408,OVID
6409,OVLH
6410,OVT
6411,OVV
6412,OWL
6413,OWLT
6414,OXM
6415,OXSQ
6416,OXY
6417,OZK
6418,OPY
6419,OR
6420,ORA
6421,ORAN
6422,ORC
6423,ORCC
6424,ORCL
6425,ORFN
6426,ORGN
6427,ORGO
6428,ORGS
6429,ORI
6430,ORIC
6431,ORLA
6432,ORLY
6433,ORMP
6434,ORN
6435,ORRF
6436,ORTX
6437,OSBC
6438,OSCR
6439,OSG
6440,OSH
6441,OSIS
6442,OSK
6443,OSPN
6444,OSS
6445,OSTK
6446,OSUR
6447,OSW
6448,OTEX
6449,OTIS
6450,OTLY
6451,OTMO
6452,OTRK
6453,OTTR
6454,OUNZ
6455,OUSA
6456,OUSM
6457,OUST
6458,OUT
6459,OVID
6460,OVLH
6461,OVT
6462,OVV
6463,OWL
6464,OWLT
6465,OXM
6466,OXSQ
6467,OXY
6468,OZK
6469,OPY
6470,OR
6471,ORA
6472,ORAN
6473,ORC
6474,ORCC
6475,ORCL
6476,ORFN
6477,ORGN
6478,ORGO
6479,ORGS
6480,ORI
6481,ORIC
6482,ORLA
6483,ORLY
6484,ORMP
6485,ORN
6486,ORRF
6487,ORTX
6488,OSBC
6489,OSCR
6490,OSG
6491,OSH
6492,OSIS
6493,OSK
6494,OSPN
6495,OSS
6496,OSTK
6497,OSUR
6498,OSW
6499,OTEX
6500,OTIS
6501,OTLY
6502,OTMO
6503,OTRK
6504,OTTR
6505,OUNZ
6506,OUSA
6507,OUSM
6508,OUST
6509,OUT
6510,OVID
6511,OVLH
6512,OVT
6513,OVV
6514,OWL
6515,OWLT
6516,OXM
6517,OXSQ
6518,OXY
6519,OZK
6520,OPY
6521,OR
6522,ORA
6523,ORAN
6524,ORC
6525,ORCC
6526,ORCL
6527,ORFN
6528,ORGN
6529,ORGO
6530,ORGS
6531,ORI
6532,ORIC
6533,ORLA
6534,ORLY
6535,ORMP
6536,ORN
6537,ORRF
6538,ORTX
6539,OSBC
6540,OSCR
6541,OSG
6542,OSH
6543,OSIS
6544,OSK
6545,OSPN
6546,OSS
6547,OSTK
6548,OSUR
6549,OSW
6550,OTEX
6551,OTIS
6552,OTLY
6553,OTMO
6554,OTRK
6555,OTTR
6556,OUNZ
6557,OUSA
6558,OUSM
6559,OUST
6560,OUT
6561,OVID
6562,OVLH
6563,OVT
6564,OVV
6565,OWL
6566,OWLT
6567,OXM
6568,OXSQ
6569,OXY
6570,OZK
6571,PAA
6572,PAAS
6573,PACB
6574,PACK
6575,PACW
6576,PAG
6577,PAGP
6578,PAGS
6579,PAHC
6580,PALC
6581,PAM
6582,PANL
6583,PANW
6584,PAR
6585,PARA
6586,PARAA
6587,PARR
6588,PASG
6589,PATH
6590,PATK
6591,PAVE
6592,PAVM
6593,PAWZ
6594,PAX
6595,PAY
6596,PAYA
6597,PAYC
6598,PAYO
6599,PAYS
6600,PAYX
6601,PB
6602,PBA
6603,PBD
6604,PBE
6605,PBF
6606,PBH
6607,PBI
6608,PBJ
6609,PBP
6610,PBPB
6611,PBR
6612,PBR.A
6613,PBS
6614,PBT
6615,PBW
6616,PBYI
6617,PCAR
6618,PCB
6619,PCEF
6620,PCG
6621,PCH
6622,PCOR
6623,PCRX
6624,PCT
6625,PCTI
6626,PCTY
6627,PCVX
6628,PCY
6629,PCYG
6630,PCYO
6631,PD
6632,PDBA
6633,PDBC
6634,PDCE
6635,PDCO
6636,PDD
6637,PDFS
6638,PDM
6639,PDN
6640,PDP
6641,PDS
6642,PDSB
6643,PEAK
6644,PEAR
6645,PEB
6646,PEBO
6647,PECO
6648,PEG
6649,PEGA
6650,PEJ
6651,PEN
6652,PENN
6653,PEO
6654,PEP
6655,PERI
6656,PESI
6657,PETQ
6658,PETS
6659,PETZ
6660,PEY
6661,PEZ
6662,PFBC
6663,PFC
6664,PFE
6665,PFEL
6666,PFES
6667,PFF
6668,PFFA
6669,PFFD
6670,PFFV
6671,PFG
6672,PFGC
6673,PFI
6674,PFIX
6675,PFLT
6676,PFM
6677,PFMT
6678,PFS
6679,PFSI
6680,PFSW
6681,PFX
6682,PFXF
6683,PG
6684,PGC
6685,PGEN
6686,PGF
6687,PGJ
6688,PGM
6689,PGNY
6690,PGR
6691,PGRE
6692,PGRU
6693,PGTI
6694,PGX
6695,PGY
6696,PH
6697,PHAT
6698,PHB
6699,PHG
6700,PHIO
6701,PHM
6702,PHO
6703,PHR
6704,PHUN
6705,PHX
6706,PI
6707,PICK
6708,PID
6709,PIE
6710,PII
6711,PILL
6712,PIN
6713,PINC
6714,PINE
6715,PINS
6716,PIO
6717,PIPR
6718,PIRS
6719,PIXY
6720,PIZ
6721,PJP
6722,PJT
6723,PK
6724,PKB
6725,PKBK
6726,PKE
6727,PKG
6728,PKI
6729,PKOH
6730,PKW
6731,PKX
6732,PL
6733,PLAB
6734,PLAY
6735,PLBY
6736,PLCE
6737,PLD
6738,PLG
6739,PLL
6740,PLMR
6741,PLNT
6742,PLOW
6743,PLRX
6744,PLSE
6745,PLTK
6746,PLTR
6747,PLUG
6748,PLUR
6749,PLUS
6750,PLX
6751,PLXP
6752,PLXS
6753,PLYA
6754,PLYM
6755,PM
6756,PMCB
6757,PMT
6758,PMVP
6759,PNC
6760,PNFP
6761,PNM
6762,PNNT
6763,PNQI
6764,PNR
6765,PNT
6766,PNTG
6767,PNW
6768,PODD
6769,POET
6770,POL
6771,POOL
6772,POR
6773,POST
6774,POTX
6775,POWI
6776,POWL
6777,POWW
6778,PPA
6779,PPBI
6780,PPBT
6781,PPC
6782,PPG
6783,PPH
6784,PPIH
6785,PPL
6786,PPTA
6787,PR
6788,PRA
6789,PRAA
6790,PRAX
6791,PRCH
6792,PRCT
6793,PRDO
6794,PRF
6795,PRFT
6796,PRFZ
6797,PRG
6798,PRGO
6799,PRGS
6800,PRI
6801,PRIM
6802,PRK
6803,PRLB
6804,PRLD
6805,PRM
6806,PRMW
6807,PRN
6808,PRNT
6809,PRO
6810,PROF
6811,PRPH
6812,PRPL
6813,PRPO
6814,PRQR
6815,PRSO
6816,PRSR
6817,PRTA
6818,PRTG
6819,PRTK
6820,PRTS
6821,PRU
6822,PRVA
6823,PRVB
6824,PSA
6825,PSCC
6826,PSCD
6827,PSCE
6828,PSCF
6829,PSCH
6830,PSCI
6831,PSCM
6832,PSCT
6833,PSEC
6834,PSEP
6835,PSFE
6836,PSI
6837,PSIL
6838,PSJ
6839,PSK
6840,PSL
6841,PSMT
6842,PSN
6843,PSNL
6844,PSNY
6845,PSO
6846,PSP
6847,PSQ
6848,PSR
6849,PST
6850,PSTG
6851,PSTL
6852,PSTX
6853,PSX
6854,PTBD
6855,PTC
6856,PTCT
6857,PTE
6858,PTEN
6859,PTF
6860,PTGX
6861,PTH
6862,PTLC
6863,PTLO
6864,PTMN
6865,PTN
6866,PTNQ
6867,PTON
6868,PTPI
6869,PTRA
6870,PTVE
6871,PUBM
6872,PUI
6873,PUK
6874,PULS
6875,PUMP
6876,PUNK
6877,PUTW
6878,PVBC
6879,PVH
6880,PVL
6881,PWB
6882,PWFL
6883,PWP
6884,PWR
6885,PWSC
6886,PWV
6887,PWZ
6888,PX
6889,PXD
6890,PXE
6891,PXF
6892,PXH
6893,PXI
6894,PXJ
6895,PXLW
6896,PXQ
6897,PYCR
6898,PYPD
6899,PYPL
6900,PYPS
6901,PYPT
6902,PYR
6903,PYZ
6904,PZA
6905,PZZA
6906,PUBM
6907,PUI
6908,PUK
6909,PULS
6910,PUMP
6911,PUNK
6912,PUTW
6913,PVBC
6914,PVH
6915,PVL
6916,PWB
6917,PWFL
6918,PWP
6919,PWR
6920,PWSC
6921,PWV
6922,PWZ
6923,PX
6924,PXD
6925,PXE
6926,PXF
6927,PXH
6928,PXI
6929,PXJ
6930,PXLW
6931,PXQ
6932,PYCR
6933,PYPD
6934,PYPL
6935,PYPS
6936,PYPT
6937,PYR
6938,PYZ
6939,PZA
6940,PZZA
6941,PUBM
6942,PUI
6943,PUK
6944,PULS
6945,PUMP
6946,PUNK
6947,PUTW
6948,PVBC
6949,PVH
6950,PVL
6951,PWB
6952,PWFL
6953,PWP
6954,PWR
6955,PWSC
6956,PWV
6957,PWZ
6958,PX
6959,PXD
6960,PXE
6961,PXF
6962,PXH
6963,PXI
6964,PXJ
6965,PXLW
6966,PXQ
6967,PYCR
6968,PYPD
6969,PYPL
6970,PYPS
6971,PYPT
6972,PYR
6973,PYZ
6974,PZA
6975,PZZA
6976,QABA
6977,QBTS
6978,QCLN
6979,QCOM
6980,QCRH
6981,QD
6982,QDEF
6983,QDEL
6984,QDF
6985,QDIV
6986,QEFA
6987,QEMM
6988,QFIN
6989,QGEN
6990,QID
6991,QIPT
6992,QLD
6993,QLGN
6994,QLYS
6995,QMCO
6996,QMOM
6997,QNCX
6998,QNST
6999,QQEW
7000,QQH
7001,QQQ
7002,QQQE
7003,QQQJ
7004,QQQM
7005,QQXT
7006,QRHC
7007,QRMI
7008,QRTEA
7009,QRVO
7010,QS
7011,QSI
7012,QSR
7013,QTEC
7014,QTRX
7015,QTT
7016,QTUM
7017,QTWO
7018,QUAD
7019,QUAL
7020,QUBT
7021,QUIK
7022,QUMU
7023,QUOT
7024,QURE
7025,QUS
7026,QWLD
7027,QYLD
7028,QYLG
7029,QABA
7030,QBTS
7031,QCLN
7032,QCOM
7033,QCRH
7034,QD
7035,QDEF
7036,QDEL
7037,QDF
7038,QDIV
7039,QEFA
7040,QEMM
7041,QFIN
7042,QGEN
7043,QID
7044,QIPT
7045,QLD
7046,QLGN
7047,QLYS
7048,QMCO
7049,QMOM
7050,QNCX
7051,QNST
7052,QQEW
7053,QQH
7054,QQQ
7055,QQQE
7056,QQQJ
7057,QQQM
7058,QQXT
7059,QRHC
7060,QRMI
7061,QRTEA
7062,QRVO
7063,QS
7064,QSI
7065,QSR
7066,QTEC
7067,QTRX
7068,QTT
7069,QTUM
7070,QTWO
7071,QUAD
7072,QUAL
7073,QUBT
7074,QUIK
7075,QUMU
7076,QUOT
7077,QURE
7078,QUS
7079,QWLD
7080,QYLD
7081,QYLG
7082,QABA
7083,QBTS
7084,QCLN
7085,QCOM
7086,QCRH
7087,QD
7088,QDEF
7089,QDEL
7090,QDF
7091,QDIV
7092,QEFA
7093,QEMM
7094,QFIN
7095,QGEN
7096,QID
7097,QIPT
7098,QLD
7099,QLGN
7100,QLYS
7101,QMCO
7102,QMOM
7103,QNCX
7104,QNST
7105,QQEW
7106,QQH
7107,QQQ
7108,QQQE
7109,QQQJ
7110,QQQM
7111,QQXT
7112,QRHC
7113,QRMI
7114,QRTEA
7115,QRVO
7116,QS
7117,QSI
7118,QSR
7119,QTEC
7120,QTRX
7121,QTT
7122,QTUM
7123,QTWO
7124,QUAD
7125,QUAL
7126,QUBT
7127,QUIK
7128,QUMU
7129,QUOT
7130,QURE
7131,QUS
7132,QWLD
7133,QYLD
7134,QYLG
7135,QABA
7136,QBTS
7137,QCLN
7138,QCOM
7139,QCRH
7140,QD
7141,QDEF
7142,QDEL
7143,QDF
7144,QDIV
7145,QEFA
7146,QEMM
7147,QFIN
7148,QGEN
7149,QID
7150,QIPT
7151,QLD
7152,QLGN
7153,QLYS
7154,QMCO
7155,QMOM
7156,QNCX
7157,QNST
7158,QQEW
7159,QQH
7160,QQQ
7161,QQQE
7162,QQQJ
7163,QQQM
7164,QQXT
7165,QRHC
7166,QRMI
7167,QRTEA
7168,QRVO
7169,QS
7170,QSI
7171,QSR
7172,QTEC
7173,QTRX
7174,QTT
7175,QTUM
7176,QTWO
7177,QUAD
7178,QUAL
7179,QUBT
7180,QUIK
7181,QUMU
7182,QUOT
7183,QURE
7184,QUS
7185,QWLD
7186,QYLD
7187,QYLG
7188,QABA
7189,QBTS
7190,QCLN
7191,QCOM
7192,QCRH
7193,QD
7194,QDEF
7195,QDEL
7196,QDF
7197,QDIV
7198,QEFA
7199,QEMM
7200,QFIN
7201,QGEN
7202,QID
7203,QIPT
7204,QLD
7205,QLGN
7206,QLYS
7207,QMCO
7208,QMOM
7209,QNCX
7210,QNST
7211,QQEW
7212,QQH
7213,QQQ
7214,QQQE
7215,QQQJ
7216,QQQM
7217,QQXT
7218,QRHC
7219,QRMI
7220,QRTEA
7221,QRVO
7222,QS
7223,QSI
7224,QSR
7225,QTEC
7226,QTRX
7227,QTT
7228,QTUM
7229,QTWO
7230,QUAD
7231,QUAL
7232,QUBT
7233,QUIK
7234,QUMU
7235,QUOT
7236,QURE
7237,QUS
7238,QWLD
7239,QYLD
7240,QYLG
7241,QABA
7242,QBTS
7243,QCLN
7244,QCOM
7245,QCRH
7246,QD
7247,QDEF
7248,QDEL
7249,QDF
7250,QDIV
7251,QEFA
7252,QEMM
7253,QFIN
7254,QGEN
7255,QID
7256,QIPT
7257,QLD
7258,QLGN
7259,QLYS
7260,QMCO
7261,QMOM
7262,QNCX
7263,QNST
7264,QQEW
7265,QQH
7266,QQQ
7267,QQQE
7268,QQQJ
7269,QQQM
7270,QQXT
7271,QRHC
7272,QRMI
7273,QRTEA
7274,QRVO
7275,QS
7276,QSI
7277,QSR
7278,QTEC
7279,QTRX
7280,QTT
7281,QTUM
7282,QTWO
7283,QUAD
7284,QUAL
7285,QUBT
7286,QUIK
7287,QUMU
7288,QUOT
7289,QURE
7290,QUS
7291,QWLD
7292,QYLD
7293,QYLG
7294,R
7295,RAAS
7296,RAAX
7297,RACE
7298,RAD
7299,RADI
7300,RAIL
7301,RAIN
7302,RAM
7303,RAMP
7304,RANI
7305,RAPT
7306,RARE
7307,RAVE
7308,RAYS
7309,RBA
7310,RBB
7311,RBBN
7312,RBC
7313,RBCAA
7314,RBLD
7315,RBLX
7316,RBOT
7317,RBT
7318,RC
7319,RCAT
7320,RCD
7321,RCEL
7322,RCI
7323,RCII
7324,RCKT
7325,RCL
7326,RCM
7327,RCMT
7328,RCON
7329,RCUS
7330,RDFN
7331,RDHL
7332,RDI
7333,RDIV
7334,RDN
7335,RDNT
7336,RDVT
7337,RDVY
7338,RDW
7339,RDWR
7340,RDY
7341,RE
7342,REAL
7343,REAX
7344,REE
7345,REED
7346,REET
7347,REFI
7348,REFR
7349,REG
7350,REGL
7351,REGN
7352,REI
7353,REK
7354,REKR
7355,RELL
7356,RELX
7357,RELY
7358,REM
7359,REMX
7360,RENN
7361,RENT
7362,REPL
7363,REPX
7364,RES
7365,RESI
7366,RETA
7367,RETL
7368,REUN
7369,REVG
7370,REVRQ
7371,REW
7372,REX
7373,REXR
7374,REYN
7375,REZ
7376,REZI
7377,RF
7378,RFIL
7379,RFL
7380,RFP
7381,RFV
7382,RGA
7383,RGCO
7384,RGEN
7385,RGI
7386,RGLD
7387,RGLS
7388,RGNX
7389,RGP
7390,RGR
7391,RGS
7392,RGTI
7393,RH
7394,RHI
7395,RHP
7396,RHS
7397,RICK
7398,RIDE
7399,RIET
7400,RIG
7401,RIGL
7402,RILY
7403,RINF
7404,RING
7405,RIO
7406,RIOT
7407,RITM
7408,RIVN
7409,RJF
7410,RKDA
7411,RKLB
7412,RKLY
7413,RKT
7414,RL
7415,RLAY
7416,RLGT
7417,RLI
7418,RLJ
7419,RLMD
7420,RLX
7421,RLY
7422,RM
7423,RMAX
7424,RMBL
7425,RMBS
7426,RMD
7427,RMNI
7428,RMR
7429,RMTI
7430,RNA
7431,RNG
7432,RNLX
7433,RNR
7434,RNST
7435,RNW
7436,ROAD
7437,ROBO
7438,ROBT
7439,ROCC
7440,ROCK
7441,RODM
7442,ROG
7443,ROIC
7444,ROIV
7445,ROK
7446,ROKT
7447,ROKU
7448,ROL
7449,ROM
7450,ROOT
7451,ROP
7452,ROST
7453,ROVR
7454,RPAR
7455,RPAY
7456,RPD
7457,RPG
7458,RPM
7459,RPRX
7460,RPT
7461,RPTX
7462,RPV
7463,RRC
7464,RRGB
7465,RRR
7466,RRX
7467,RS
7468,RSG
7469,RSI
7470,RSKD
7471,RSP
7472,RSVR
7473,RTH
7474,RTL
7475,RTM
7476,RTO
7477,RTX
7478,RUBY
7479,RUM
7480,RUN
7481,RUSHA
7482,RUTH
7483,RVIC
7484,RVLP
7485,RVLV
7486,RVMD
7487,RVNC
7488,RVP
7489,RVPH
7490,RVSB
7491,RVYL
7492,RWAY
7493,RWJ
7494,RWK
7495,RWL
7496,RWLK
7497,RWM
7498,RWO
7499,RWR
7500,RWT
7501,RWX
7502,RXD
7503,RXDX
7504,RXI
7505,RXL
7506,RXO
7507,RXRX
7508,RXST
7509,RXT
7510,RY
7511,RYAAY
7512,RYAM
7513,RYAN
7514,RYE
7515,RYF
7516,RYH
7517,RYI
7518,RYLD
7519,RYLG
7520,RYN
7521,RYT
7522,RYTM
7523,RYU
7524,RZV
7525,RWK
7526,RWL
7527,RWLK
7528,RWM
7529,RWO
7530,RWR
7531,RWT
7532,RWX
7533,RXD
7534,RXDX
7535,RXI
7536,RXL
7537,RXO
7538,RXRX
7539,RXST
7540,RXT
7541,RY
7542,RYAAY
7543,RYAM
7544,RYAN
7545,RYE
7546,RYF
7547,RYH
7548,RYI
7549,RYLD
7550,RYLG
7551,RYN
7552,RYT
7553,RYTM
7554,RYU
7555,RZV
7556,RWK
7557,RWL
7558,RWLK
7559,RWM
7560,RWO
7561,RWR
7562,RWT
7563,RWX
7564,RXD
7565,RXDX
7566,RXI
7567,RXL
7568,RXO
7569,RXRX
7570,RXST
7571,RXT
7572,RY
7573,RYAAY
7574,RYAM
7575,RYAN
7576,RYE
7577,RYF
7578,RYH
7579,RYI
7580,RYLD
7581,RYLG
7582,RYN
7583,RYT
7584,RYTM
7585,RYU
7586,RZV
7587,RWK
7588,RWL
7589,RWLK
7590,RWM
7591,RWO
7592,RWR
7593,RWT
7594,RWX
7595,RXD
7596,RXDX
7597,RXI
7598,RXL
7599,RXO
7600,RXRX
7601,RXST
7602,RXT
7603,RY
7604,RYAAY
7605,RYAM
7606,RYAN
7607,RYE
7608,RYF
7609,RYH
7610,RYI
7611,RYLD
7612,RYLG
7613,RYN
7614,RYT
7615,RYTM
7616,RYU
7617,RZV
7618,S
7619,SA
7620,SAA
7621,SABR
7622,SACH
7623,SAFE
7624,SAFT
7625,SAGE
7626,SAH
7627,SAIA
7628,SAIC
7629,SAM
7630,SAMG
7631,SAN
7632,SANA
7633,SAND
7634,SANM
7635,SANW
7636,SAP
7637,SAR
7638,SARK
7639,SASI
7640,SASR
7641,SATL
7642,SATO
7643,SATS
7644,SAVA
7645,SAVE
7646,SB
7647,SBAC
7648,SBB
7649,SBCF
7650,SBEV
7651,SBGI
7652,SBH
7653,SBIO
7654,SBLK
7655,SBNY
7656,SBOW
7657,SBRA
7658,SBS
7659,SBSI
7660,SBSW
7661,SBUX
7662,SCC
7663,SCCO
7664,SCHA
7665,SCHB
7666,SCHC
7667,SCHD
7668,SCHE
7669,SCHF
7670,SCHG
7671,SCHH
7672,SCHJ
7673,SCHK
7674,SCHL
7675,SCHM
7676,SCHN
7677,SCHO
7678,SCHP
7679,SCHR
7680,SCHV
7681,SCHW
7682,SCHX
7683,SCHY
7684,SCHZ
7685,SCI
7686,SCJ
7687,SCL
7688,SCM
7689,SCO
7690,SCOR
7691,SCPH
7692,SCPL
7693,SCS
7694,SCSC
7695,SCTL
7696,SCU
7697,SCVL
7698,SCWX
7699,SCYX
7700,SCZ
7701,SD
7702,SDC
7703,SDD
7704,SDEM
7705,SDGR
7706,SDIG
7707,SDIV
7708,SDOG
7709,SDOW
7710,SDP
7711,SDRL
7712,SDS
7713,SDVY
7714,SDY
7715,SE
7716,SEA
7717,SEAC
7718,SEAS
7719,SEAT
7720,SECO
7721,SECT
7722,SEDG
7723,SEE
7724,SEEL
7725,SEER
7726,SEF
7727,SEIC
7728,SELB
7729,SELF
7730,SEM
7731,SEMR
7732,SENS
7733,SENT
7734,SES
7735,SESN
7736,SEV
7737,SEVN
7738,SF
7739,SFBS
7740,SFE
7741,SFIX
7742,SFL
7743,SFM
7744,SFNC
7745,SFT
7746,SFY
7747,SFYF
7748,SFYX
7749,SG
7750,SGBX
7751,SGC
7752,SGDJ
7753,SGDM
7754,SGEN
7755,SGFY
7756,SGG
7757,SGH
7758,SGHC
7759,SGHT
7760,SGLY
7761,SGML
7762,SGMO
7763,SGOL
7764,SGRY
7765,SGTX
7766,SGU
7767,SH
7768,SHAK
7769,SHBI
7770,SHC
7771,SHCR
7772,SHE
7773,SHEL
7774,SHEN
7775,SHLS
7776,SHM
7777,SHO
7778,SHOO
7779,SHOP
7780,SHPW
7781,SHV
7782,SHW
7783,SHY
7784,SHYF
7785,SHYG
7786,SI
7787,SIBN
7788,SID
7789,SIEB
7790,SIEN
7791,SIFY
7792,SIG
7793,SIGA
7794,SIGI
7795,SII
7796,SIJ
7797,SIL
7798,SILJ
7799,SILK
7800,SILV
7801,SILX
7802,SIMO
7803,SIMS
7804,SIOX
7805,SIRI
7806,SITC
7807,SITE
7808,SITM
7809,SIVB
7810,SIVR
7811,SIX
7812,SIZE
7813,SJB
7814,SJI
7815,SJM
7816,SJNK
7817,SJR
7818,SJT
7819,SJW
7820,SKE
7821,SKF
7822,SKIL
7823,SKIN
7824,SKLZ
7825,SKM
7826,SKT
7827,SKX
7828,SKY
7829,SKYH
7830,SKYT
7831,SKYU
7832,SKYW
7833,SKYX
7834,SKYY
7835,SLAB
7836,SLAC
7837,SLB
7838,SLCA
7839,SLDB
7840,SLDP
7841,SLF
7842,SLG
7843,SLGC
7844,SLGG
7845,SLGL
7846,SLGN
7847,SLI
7848,SLM
7849,SLNH
7850,SLNO
7851,SLP
7852,SLQD
7853,SLQT
7854,SLRC
7855,SLS
7856,SLV
7857,SLVM
7858,SLVP
7859,SLX
7860,SLY
7861,SLYG
7862,SLYV
7863,SM
7864,SMAR
7865,SMB
7866,SMBC
7867,SMBK
7868,SMCI
7869,SMDD
7870,SMDV
7871,SMFG
7872,SMG
7873,SMH
7874,SMHI
7875,SMIN
7876,SMLP
7877,SMLV
7878,SMMD
7879,SMMF
7880,SMMT
7881,SMN
7882,SMOG
7883,SMOT
7884,SMP
7885,SMPL
7886,SMR
7887,SMRT
7888,SMSI
7889,SMTC
7890,SMWB
7891,SNA
7892,SNAP
7893,SNBR
7894,SNCR
7895,SNCY
7896,SND
7897,SNDL
7898,SNDR
7899,SNDX
7900,SNEX
7901,SNLN
7902,SNN
7903,SNOW
7904,SNPE
7905,SNPO
7906,SNPS
7907,SNSR
7908,SNT
7909,SNV
7910,SNX
7911,SNY
7912,SO
7913,SOCL
7914,SOFI
7915,SOGU
7916,SOHU
7917,SOI
7918,SOL
7919,SOLO
7920,SON
7921,SOND
7922,SONO
7923,SONY
7924,SOS
7925,SOUN
7926,SOVO
7927,SOXL
7928,SOXQ
7929,SOXS
7930,SOXX
7931,SOYB
7932,SP
7933,SPAB
7934,SPB
7935,SPBO
7936,SPC
7937,SPCE
7938,SPCX
7939,SPD
7940,SPDN
7941,SPDW
7942,SPEM
7943,SPEU
7944,SPFF
7945,SPG
7946,SPGI
7947,SPGM
7948,SPGP
7949,SPH
7950,SPHB
7951,SPHD
7952,SPHQ
7953,SPHY
7954,SPI
7955,SPIB
7956,SPIP
7957,SPIR
7958,SPKX
7959,SPKY
7960,SPLB
7961,SPLG
7962,SPLK
7963,SPLV
7964,SPMB
7965,SPMD
7966,SPMO
7967,SPNE
7968,SPNS
7969,SPNT
7970,SPOK
7971,SPOT
7972,SPPI
7973,SPR
7974,SPRO
7975,SPRU
7976,SPRY
7977,SPSB
7978,SPSC
7979,SPSM
7980,SPT
7981,SPTI
7982,SPTL
7983,SPTM
7984,SPTN
7985,SPTS
7986,SPUU
7987,SPVM
7988,SPVU
7989,SPWH
7990,SPWR
7991,SPXC
7992,SPXE
7993,SPXL
7994,SPXN
7995,SPXS
7996,SPXT
7997,SPXU
7998,SPXV
7999,SPY
8000,SPYD
8001,SPYG
8002,SPYV
8003,SPYX
8004,SQ
8005,SQFT
8006,SQM
8007,SQNS
8008,SQQQ
8009,SQSP
8010,SQZ
8011,SR
8012,SRAD
8013,SRAX
8014,SRC
8015,SRCE
8016,SRCL
8017,SRDX
8018,SRE
8019,SRET
8020,SRG
8021,SRGA
8022,SRI
8023,SRL
8024,SRLN
8025,SRNE
8026,SRPT
8027,SRRK
8028,SRS
8029,SRT
8030,SRTS
8031,SRTY
8032,SRVR
8033,SSB
8034,SSD
8035,SSG
8036,SSL
8037,SSNC
8038,SSO
8039,SSP
8040,SSRM
8041,SSSS
8042,SST
8043,SSTI
8044,SSTK
8045,SSUS
8046,SSYS
8047,ST
8048,STAA
8049,STAB
8050,STAG
8051,STAR
8052,STBA
8053,STC
8054,STCN
8055,STE
8056,STEL
8057,STEM
8058,STEP
8059,STER
8060,STGF
8061,STGW
8062,STIM
8063,STIP
8064,STKH
8065,STKL
8066,STKS
8067,STLA
8068,STLD
8069,STM
8070,STN
8071,STNE
8072,STNG
8073,STOK
8074,STOR
8075,STPZ
8076,STR
8077,STRA
8078,STRL
8079,STRO
8080,STSA
8081,STT
8082,STTK
8083,STVN
8084,STWD
8085,STX
8086,STXS
8087,STZ
8088,SU
8089,SUI
8090,SUM
8091,SUMO
8092,SUN
8093,SUNL
8094,SUNW
8095,SUP
8096,SUPL
8097,SUPN
8098,SUPV
8099,SURF
8100,SURG
8101,SUSA
8102,SUSB
8103,SUSL
8104,SVAL
8105,SVC
8106,SVFA
8107,SVFAU
8108,SVIX
8109,SVM
8110,SVRA
8111,SVVC
8112,SVXY
8113,SWAN
8114,SWAR
8115,SWAV
8116,SWBI
8117,SWEB
8118,SWI
8119,SWIM
8120,SWK
8121,SWKS
8122,SWN
8123,SWTX
8124,SWVL
8125,SWX
8126,SXC
8127,SXI
8128,SXT
8129,SY
8130,SYBX
8131,SYF
8132,SYK
8133,SYLD
8134,SYM
8135,SYNA
8136,SYNH
8137,SYPR
8138,SYRS
8139,SYY
8140,SZK
8141,T
8142,TA
8143,TAC
8144,TACT
8145,TAGS
8146,TAIL
8147,TAK
8148,TAL
8149,TALK
8150,TALO
8151,TAN
8152,TAOP
8153,TAP
8154,TARA
8155,TARK
8156,TARO
8157,TARS
8158,TASK
8159,TAST
8160,TBBK
8161,TBF
8162,TBI
8163,TBIL
8164,TBIO
8165,TBLA
8166,TBLT
8167,TBNK
8168,TBPH
8169,TBT
8170,TCBI
8171,TCBK
8172,TCDA
8173,TCHI
8174,TCMD
8175,TCN
8176,TCOM
8177,TCON
8178,TCPC
8179,TCRR
8180,TCRT
8181,TCS
8182,TCX
8183,TD
8184,TDC
8185,TDCX
8186,TDG
8187,TDIV
8188,TDOC
8189,TDS
8190,TDUP
8191,TDW
8192,TDY
8193,TEAM
8194,TECB
8195,TECH
8196,TECK
8197,TECL
8198,TECS
8199,TEF
8200,TEL
8201,TELA
8202,TELL
8203,TENB
8204,TEO
8205,TER
8206,TEVA
8207,TEX
8208,TFC
8209,TFFP
8210,TFI
8211,TFII
8212,TFIN
8213,TFLO
8214,TFSL
8215,TFX
8216,TG
8217,TGB
8218,TGH
8219,TGI
8220,TGLS
8221,TGNA
8222,TGS
8223,TGT
8224,TGTX
8225,TH
8226,THC
8227,THCH
8228,THCX
8229,THD
8230,THFF
8231,THG
8232,THO
8233,THR
8234,THRM
8235,THRN
8236,THRY
8237,THS
8238,THTX
8239,TIG
8240,TIGO
8241,TIGR
8242,TIL
8243,TILE
8244,TILL
8245,TIMB
8246,TIME
8247,TINT
8248,TINY
8249,TIP
8250,TIPD
8251,TIPL
8252,TIPT
8253,TIPX
8254,TISI
8255,TITN
8256,TIXT
8257,TJX
8258,TK
8259,TKAT
8260,TKC
8261,TKR
8262,TLH
8263,TLIS
8264,TLRY
8265,TLS
8266,TLSA
8267,TLT
8268,TLYS
8269,TM
8270,TMAT
8271,TMC
8272,TMCI
8273,TMDX
8274,TME
8275,TMF
8276,TMFC
8277,TMHC
8278,TMO
8279,TMP
8280,TMPO
8281,TMQ
8282,TMST
8283,TMUS
8284,TMV
8285,TNA
8286,TNC
8287,TNDM
8288,TNET
8289,TNK
8290,TNL
8291,TNP
8292,TNYA
8293,TOKE
8294,TOL
8295,TOLZ
8296,TOST
8297,TOTL
8298,TOUR
8299,TOWN
8300,TPB
8301,TPC
8302,TPG
8303,TPH
8304,TPIC
8305,TPOR
8306,TPR
8307,TPST
8308,TPVG
8309,TPX
8310,TPYP
8311,TQQQ
8312,TR
8313,TRC
8314,TREE
8315,TREX
8316,TRGP
8317,TRHC
8318,TRI
8319,TRIB
8320,TRIN
8321,TRIP
8322,TRIRF
8323,TRMB
8324,TRMD
8325,TRMK
8326,TRMR
8327,TRN
8328,TRNO
8329,TROO
8330,TROW
8331,TROX
8332,TRP
8333,TRS
8334,TRST
8335,TRTN
8336,TRTX
8337,TRU
8338,TRUE
8339,TRUP
8340,TRV
8341,TRVG
8342,TRVI
8343,TRVN
8344,TRX
8345,TS
8346,TSAT
8347,TSBK
8348,TSCO
8349,TSE
8350,TSEM
8351,TSHA
8352,TSL
8353,TSLA
8354,TSLI
8355,TSLL
8356,TSLQ
8357,TSLS
8358,TSLX
8359,TSM
8360,TSN
8361,TSP
8362,TSQ
8363,TSVT
8364,TT
8365,TTAC
8366,TTC
8367,TTCF
8368,TTD
8369,TTE
8370,TTEC
8371,TTEK
8372,TTGT
8373,TTI
8374,TTM
8375,TTMI
8376,TTNP
8377,TTOO
8378,TTSH
8379,TTT
8380,TTWO
8381,TU
8382,TUEM
8383,TUP
8384,TUR
8385,TURN
8386,TUSK
8387,TUYA
8388,TV
8389,TVTX
8390,TW
8391,TWEB
8392,TWI
8393,TWIN
8394,TWKS
8395,TWLO
8396,TWM
8397,TWND
8398,TWNK
8399,TWO
8400,TWOU
8401,TWST
8402,TX
8403,TXG
8404,TXMD
8405,TXN
8406,TXRH
8407,TXT
8408,TYD
8409,TYL
8410,TYLG
8411,TYNE
8412,TYO
8413,TYRA
8414,TZA
8415,TZOO
8416,TRVG
8417,TRVI
8418,TRVN
8419,TRX
8420,TS
8421,TSAT
8422,TSBK
8423,TSCO
8424,TSE
8425,TSEM
8426,TSHA
8427,TSL
8428,TSLA
8429,TSLI
8430,TSLL
8431,TSLQ
8432,TSLS
8433,TSLX
8434,TSM
8435,TSN
8436,TSP
8437,TSQ
8438,TSVT
8439,TT
8440,TTAC
8441,TTC
8442,TTCF
8443,TTD
8444,TTE
8445,TTEC
8446,TTEK
8447,TTGT
8448,TTI
8449,TTM
8450,TTMI
8451,TTNP
8452,TTOO
8453,TTSH
8454,TTT
8455,TTWO
8456,TU
8457,TUEM
8458,TUP
8459,TUR
8460,TURN
8461,TUSK
8462,TUYA
8463,TV
8464,TVTX
8465,TW
8466,TWEB
8467,TWI
8468,TWIN
8469,TWKS
8470,TWLO
8471,TWM
8472,TWND
8473,TWNK
8474,TWO
8475,TWOU
8476,TWST
8477,TX
8478,TXG
8479,TXMD
8480,TXN
8481,TXRH
8482,TXT
8483,TYD
8484,TYL
8485,TYLG
8486,TYNE
8487,TYO
8488,TYRA
8489,TZA
8490,TZOO
8491,TRVG
8492,TRVI
8493,TRVN
8494,TRX
8495,TS
8496,TSAT
8497,TSBK
8498,TSCO
8499,TSE
8500,TSEM
8501,TSHA
8502,TSL
8503,TSLA
8504,TSLI
8505,TSLL
8506,TSLQ
8507,TSLS
8508,TSLX
8509,TSM
8510,TSN
8511,TSP
8512,TSQ
8513,TSVT
8514,TT
8515,TTAC
8516,TTC
8517,TTCF
8518,TTD
8519,TTE
8520,TTEC
8521,TTEK
8522,TTGT
8523,TTI
8524,TTM
8525,TTMI
8526,TTNP
8527,TTOO
8528,TTSH
8529,TTT
8530,TTWO
8531,TU
8532,TUEM
8533,TUP
8534,TUR
8535,TURN
8536,TUSK
8537,TUYA
8538,TV
8539,TVTX
8540,TW
8541,TWEB
8542,TWI
8543,TWIN
8544,TWKS
8545,TWLO
8546,TWM
8547,TWND
8548,TWNK
8549,TWO
8550,TWOU
8551,TWST
8552,TX
8553,TXG
8554,TXMD
8555,TXN
8556,TXRH
8557,TXT
8558,TYD
8559,TYL
8560,TYLG
8561,TYNE
8562,TYO
8563,TYRA
8564,TZA
8565,TZOO
8566,TRVG
8567,TRVI
8568,TRVN
8569,TRX
8570,TS
8571,TSAT
8572,TSBK
8573,TSCO
8574,TSE
8575,TSEM
8576,TSHA
8577,TSL
8578,TSLA
8579,TSLI
8580,TSLL
8581,TSLQ
8582,TSLS
8583,TSLX
8584,TSM
8585,TSN
8586,TSP
8587,TSQ
8588,TSVT
8589,TT
8590,TTAC
8591,TTC
8592,TTCF
8593,TTD
8594,TTE
8595,TTEC
8596,TTEK
8597,TTGT
8598,TTI
8599,TTM
8600,TTMI
8601,TTNP
8602,TTOO
8603,TTSH
8604,TTT
8605,TTWO
8606,TU
8607,TUEM
8608,TUP
8609,TUR
8610,TURN
8611,TUSK
8612,TUYA
8613,TV
8614,TVTX
8615,TW
8616,TWEB
8617,TWI
8618,TWIN
8619,TWKS
8620,TWLO
8621,TWM
8622,TWND
8623,TWNK
8624,TWO
8625,TWOU
8626,TWST
8627,TX
8628,TXG
8629,TXMD
8630,TXN
8631,TXRH
8632,TXT
8633,TYD
8634,TYL
8635,TYLG
8636,TYNE
8637,TYO
8638,TYRA
8639,TZA
8640,TZOO
8641,U
8642,UA
8643,UAA
8644,UAL
8645,UAMY
8646,UAN
8647,UAVS
8648,UBA
8649,UBER
8650,UBFO
8651,UBOT
8652,UBR
8653,UBS
8654,UBSI
8655,UBT
8656,UBX
8657,UCBI
8658,UCC
8659,UCO
8660,UCTT
8661,UDMY
8662,UDN
8663,UDOW
8664,UDR
8665,UE
8666,UEC
8667,UEIC
8668,UFCS
8669,UFI
8670,UFO
8671,UFPI
8672,UGA
8673,UGE
8674,UGI
8675,UGL
8676,UGP
8677,UGRO
8678,UHAL
8679,UHAL.B
8680,UHS
8681,UHT
8682,UI
8683,UIHC
8684,UIS
8685,UL
8686,ULBI
8687,ULCC
8688,ULE
8689,ULTA
8690,UMBF
8691,UMC
8692,UMDD
8693,UMH
8694,UMPQ
8695,UNF
8696,UNFI
8697,UNG
8698,UNH
8699,UNIT
8700,UNL
8701,UNM
8702,UNP
8703,UNTY
8704,UNVR
8705,UONE
8706,UONEK
8707,UP
8708,UPAR
8709,UPH
8710,UPLD
8711,UPRO
8712,UPS
8713,UPST
8714,UPV
8715,UPW
8716,UPWK
8717,UPXI
8718,URA
8719,URBN
8720,URE
8721,URGN
8722,URI
8723,URNM
8724,UROY
8725,URTH
8726,URTY
8727,USAC
8728,USAI
8729,USAP
8730,USAU
8731,USB
8732,USCI
8733,USD
8734,USDP
8735,USDU
8736,USFD
8737,USFR
8738,USHY
8739,USIG
8740,USIO
8741,USL
8742,USLB
8743,USM
8744,USMC
8745,USMF
8746,USMV
8747,USNA
8748,USO
8749,USPH
8750,USPX
8751,USRT
8752,UST
8753,USX
8754,USXF
8755,UTEN
8756,UTHR
8757,UTI
8758,UTL
8759,UTSI
8760,UTSL
8761,UTWO
8762,UTZ
8763,UUP
8764,UUUU
8765,UVE
8766,UVIX
8767,UVSP
8768,UVV
8769,UVXY
8770,UWM
8771,UWMC
8772,UXI
8773,UXIN
8774,UYG
8775,UYM
8776,USL
8777,USLB
8778,USM
8779,USMC
8780,USMF
8781,USMV
8782,USNA
8783,USO
8784,USPH
8785,USPX
8786,USRT
8787,UST
8788,USX
8789,USXF
8790,UTEN
8791,UTHR
8792,UTI
8793,UTL
8794,UTSI
8795,UTSL
8796,UTWO
8797,UTZ
8798,UUP
8799,UUUU
8800,UVE
8801,UVIX
8802,UVSP
8803,UVV
8804,UVXY
8805,UWM
8806,UWMC
8807,UXI
8808,UXIN
8809,UYG
8810,UYM
8811,USL
8812,USLB
8813,USM
8814,USMC
8815,USMF
8816,USMV
8817,USNA
8818,USO
8819,USPH
8820,USPX
8821,USRT
8822,UST
8823,USX
8824,USXF
8825,UTEN
8826,UTHR
8827,UTI
8828,UTL
8829,UTSI
8830,UTSL
8831,UTWO
8832,UTZ
8833,UUP
8834,UUUU
8835,UVE
8836,UVIX
8837,UVSP
8838,UVV
8839,UVXY
8840,UWM
8841,UWMC
8842,UXI
8843,UXIN
8844,UYG
8845,UYM
8846,USL
8847,USLB
8848,USM
8849,USMC
8850,USMF
8851,USMV
8852,USNA
8853,USO
8854,USPH
8855,USPX
8856,USRT
8857,UST
8858,USX
8859,USXF
8860,UTEN
8861,UTHR
8862,UTI
8863,UTL
8864,UTSI
8865,UTSL
8866,UTWO
8867,UTZ
8868,UUP
8869,UUUU
8870,UVE
8871,UVIX
8872,UVSP
8873,UVV
8874,UVXY
8875,UWM
8876,UWMC
8877,UXI
8878,UXIN
8879,UYG
8880,UYM
8881,USL
8882,USLB
8883,USM
8884,USMC
8885,USMF
8886,USMV
8887,USNA
8888,USO
8889,USPH
8890,USPX
8891,USRT
8892,UST
8893,USX
8894,USXF
8895,UTEN
8896,UTHR
8897,UTI
8898,UTL
8899,UTSI
8900,UTSL
8901,UTWO
8902,UTZ
8903,UUP
8904,UUUU
8905,UVE
8906,UVIX
8907,UVSP
8908,UVV
8909,UVXY
8910,UWM
8911,UWMC
8912,UXI
8913,UXIN
8914,UYG
8915,UYM
8916,V
8917,VAC
8918,VAL
8919,VALE
8920,VALN
8921,VALT
8922,VANI
8923,VAPO
8924,VATE
8925,VAW
8926,VB
8927,VBIV
8928,VBK
8929,VBLT
8930,VBR
8931,VBTX
8932,VC
8933,VCAR
8934,VCEL
8935,VCIT
8936,VCLO
8937,VCLT
8938,VCNX
8939,VCR
8940,VCSA
8941,VCSH
8942,VCTR
8943,VCXA
8944,VCYT
8945,VDC
8946,VDE
8947,VEA
8948,VECO
8949,VEEV
8950,VEGI
8951,VEGN
8952,VEL
8953,VEON
8954,VERI
8955,VERS
8956,VERU
8957,VERV
8958,VERX
8959,VET
8960,VEU
8961,VEV
8962,VFC
8963,VFF
8964,VFH
8965,VFMF
8966,VFMO
8967,VFMV
8968,VFQY
8969,VFVA
8970,VGIT
8971,VGK
8972,VGLT
8973,VGR
8974,VGSH
8975,VGT
8976,VGZ
8977,VHC
8978,VHT
8979,VIA
8980,VIAV
8981,VICE
8982,VICI
8983,VICR
8984,VIEW
8985,VIG
8986,VIGI
8987,VINO
8988,VINP
8989,VIOG
8990,VIOO
8991,VIOV
8992,VIPS
8993,VIR
8994,VIRI
8995,VIRT
8996,VIRX
8997,VIS
8998,VISL
8999,VIST
9000,VITL
9001,VIV
9002,VIVO
9003,VIXM
9004,VIXY
9005,VJET
9006,VKTX
9007,VLD
9008,VLDR
9009,VLN
9010,VLO
9011,VLRS
9012,VLTA
9013,VLU
9014,VLUE
9015,VLY
9016,VMBS
9017,VMC
9018,VMD
9019,VMEO
9020,VMI
9021,VMW
9022,VNDA
9023,VNET
9024,VNLA
9025,VNO
9026,VNOM
9027,VNQ
9028,VNQI
9029,VNRX
9030,VNT
9031,VNTR
9032,VO
9033,VOC
9034,VOD
9035,VOE
9036,VONE
9037,VONG
9038,VONV
9039,VOO
9040,VOOG
9041,VOOV
9042,VOR
9043,VORB
9044,VOT
9045,VOX
9046,VOXX
9047,VOYA
9048,VPG
9049,VPL
9050,VPN
9051,VPU
9052,VQS
9053,VR
9054,VRA
9055,VRAR
9056,VRAY
9057,VRCA
9058,VRDN
9059,VRE
9060,VREX
9061,VRM
9062,VRNA
9063,VRNS
9064,VRNT
9065,VRP
9066,VRRM
9067,VRSK
9068,VRSN
9069,VRT
9070,VRTV
9071,VRTX
9072,VS
9073,VSAT
9074,VSCO
9075,VSDA
9076,VSEC
9077,VSH
9078,VSS
9079,VST
9080,VSTM
9081,VSTO
9082,VT
9083,VTC
9084,VTEB
9085,VTEX
9086,VTGN
9087,VTHR
9088,VTI
9089,VTIP
9090,VTLE
9091,VTNR
9092,VTOL
9093,VTR
9094,VTRS
9095,VTSI
9096,VTV
9097,VTWG
9098,VTWO
9099,VTWV
9100,VTYX
9101,VUG
9102,VUZI
9103,VV
9104,VVI
9105,VVNT
9106,VVOS
9107,VVPR
9108,VVV
9109,VVX
9110,VWE
9111,VWO
9112,VWOB
9113,VXF
9114,VXRT
9115,VXUS
9116,VXX
9117,VXZ
9118,VYGR
9119,VYM
9120,VYMI
9121,VYNE
9122,VZ
9123,VZIO
9124,VXX
9125,VXZ
9126,VYGR
9127,VYM
9128,VYMI
9129,VYNE
9130,VZ
9131,VZIO
9132,VXX
9133,VXZ
9134,VYGR
9135,VYM
9136,VYMI
9137,VYNE
9138,VZ
9139,VZIO
9140,VXX
9141,VXZ
9142,VYGR
9143,VYM
9144,VYMI
9145,VYNE
9146,VZ
9147,VZIO
9148,W
9149,WAB
9150,WABC
9151,WAFD
9152,WAL
9153,WANT
9154,WASH
9155,WAT
9156,WATT
9157,WAVD
9158,WB
9159,WBA
9160,WBAT
9161,WBD
9162,WBS
9163,WBX
9164,WCBR
9165,WCC
9166,WCLD
9167,WCN
9168,WD
9169,WDAY
9170,WDC
9171,WDFC
9172,WDIV
9173,WDNA
9174,WDS
9175,WE
9176,WEAT
9177,WEAV
9178,WEBL
9179,WEBR
9180,WEBS
9181,WEC
9182,WEED
9183,WEJO
9184,WELL
9185,WEN
9186,WERN
9187,WES
9188,WEST
9189,WEX
9190,WFC
9191,WFG
9192,WFH
9193,WFRD
9194,WGMI
9195,WGO
9196,WGS
9197,WH
9198,WHD
9199,WHF
9200,WHG
9201,WHR
9202,WIMI
9203,WING
9204,WIP
9205,WIRE
9206,WISA
9207,WISH
9208,WIT
9209,WIX
9210,WK
9211,WKEY
9212,WKHS
9213,WKME
9214,WKSP
9215,WLDN
9216,WLK
9217,WLKP
9218,WLMS
9219,WLY
9220,WM
9221,WMB
9222,WMC
9223,WMG
9224,WMK
9225,WMS
9226,WMT
9227,WNC
9228,WNDY
9229,WNEB
9230,WNS
9231,WOLF
9232,WOOD
9233,WOOF
9234,WOR
9235,WOW
9236,WPC
9237,WPM
9238,WPP
9239,WPRT
9240,WPS
9241,WRAP
9242,WRB
9243,WRBY
9244,WRK
9245,WRLD
9246,WSBC
9247,WSBF
9248,WSC
9249,WSFS
9250,WSM
9251,WSO
9252,WSR
9253,WST
9254,WT
9255,WTAI
9256,WTBA
9257,WTFC
9258,WTI
9259,WTMF
9260,WTRE
9261,WTRG
9262,WTS
9263,WTT
9264,WTTR
9265,WTW
9266,WU
9267,WULF
9268,WVE
9269,WW
9270,WWD
9271,WWE
9272,WWR
9273,WWW
9274,WY
9275,WYNN
9276,WYY
9277,WSC
9278,WSFS
9279,WSM
9280,WSO
9281,WSR
9282,WST
9283,WT
9284,WTAI
9285,WTBA
9286,WTFC
9287,WTI
9288,WTMF
9289,WTRE
9290,WTRG
9291,WTS
9292,WTT
9293,WTTR
9294,WTW
9295,WU
9296,WULF
9297,WVE
9298,WW
9299,WWD
9300,WWE
9301,WWR
9302,WWW
9303,WY
9304,WYNN
9305,WYY
9306,WSC
9307,WSFS
9308,WSM
9309,WSO
9310,WSR
9311,WST
9312,WT
9313,WTAI
9314,WTBA
9315,WTFC
9316,WTI
9317,WTMF
9318,WTRE
9319,WTRG
9320,WTS
9321,WTT
9322,WTTR
9323,WTW
9324,WU
9325,WULF
9326,WVE
9327,WW
9328,WWD
9329,WWE
9330,WWR
9331,WWW
9332,WY
9333,WYNN
9334,WYY
9335,WSC
9336,WSFS
9337,WSM
9338,WSO
9339,WSR
9340,WST
9341,WT
9342,WTAI
9343,WTBA
9344,WTFC
9345,WTI
9346,WTMF
9347,WTRE
9348,WTRG
9349,WTS
9350,WTT
9351,WTTR
9352,WTW
9353,WU
9354,WULF
9355,WVE
9356,WW
9357,WWD
9358,WWE
9359,WWR
9360,WWW
9361,WY
9362,WYNN
9363,WYY
9364,WSC
9365,WSFS
9366,WSM
9367,WSO
9368,WSR
9369,WST
9370,WT
9371,WTAI
9372,WTBA
9373,WTFC
9374,WTI
9375,WTMF
9376,WTRE
9377,WTRG
9378,WTS
9379,WTT
9380,WTTR
9381,WTW
9382,WU
9383,WULF
9384,WVE
9385,WW
9386,WWD
9387,WWE
9388,WWR
9389,WWW
9390,WY
9391,WYNN
9392,WYY
9393,X
9394,XAIR
9395,XAR
9396,XBI
9397,XBIO
9398,XBIT
9399,XBTF
9400,XDAT
9401,XDNA
9402,XEL
9403,XELA
9404,XENE
9405,XERS
9406,XES
9407,XFOR
9408,XGN
9409,XHB
9410,XHE
9411,XHR
9412,XHS
9413,XHYC
9414,XHYD
9415,XHYE
9416,XHYF
9417,XHYH
9418,XHYI
9419,XHYT
9420,XIN
9421,XITK
9422,XLB
9423,XLC
9424,XLE
9425,XLF
9426,XLG
9427,XLI
9428,XLK
9429,XLP
9430,XLRE
9431,XLU
9432,XLV
9433,XLY
9434,XM
9435,XME
9436,XMHQ
9437,XMLV
9438,XMMO
9439,XMTR
9440,XMVM
9441,XNCR
9442,XNET
9443,XNTK
9444,XOM
9445,XOMA
9446,XOP
9447,XOS
9448,XP
9449,XPEL
9450,XPER
9451,XPEV
9452,XPH
9453,XPND
9454,XPO
9455,XPOF
9456,XPP
9457,XPRO
9458,XRAY
9459,XRLV
9460,XRMI
9461,XRT
9462,XRX
9463,XSD
9464,XSHQ
9465,XSLV
9466,XSMO
9467,XSOE
9468,XSVM
9469,XSW
9470,XT
9471,XTL
9472,XTN
9473,XVOL
9474,XWEB
9475,XWEL
9476,XXII
9477,XYL
9478,XYLD
9479,XYLG
9480,X
9481,XAIR
9482,XAR
9483,XBI
9484,XBIO
9485,XBIT
9486,XBTF
9487,XDAT
9488,XDNA
9489,XEL
9490,XELA
9491,XENE
9492,XERS
9493,XES
9494,XFOR
9495,XGN
9496,XHB
9497,XHE
9498,XHR
9499,XHS
9500,XHYC
9501,XHYD
9502,XHYE
9503,XHYF
9504,XHYH
9505,XHYI
9506,XHYT
9507,XIN
9508,XITK
9509,XLB
9510,XLC
9511,XLE
9512,XLF
9513,XLG
9514,XLI
9515,XLK
9516,XLP
9517,XLRE
9518,XLU
9519,XLV
9520,XLY
9521,XM
9522,XME
9523,XMHQ
9524,XMLV
9525,XMMO
9526,XMTR
9527,XMVM
9528,XNCR
9529,XNET
9530,XNTK
9531,XOM
9532,XOMA
9533,XOP
9534,XOS
9535,XP
9536,XPEL
9537,XPER
9538,XPEV
9539,XPH
9540,XPND
9541,XPO
9542,XPOF
9543,XPP
9544,XPRO
9545,XRAY
9546,XRLV
9547,XRMI
9548,XRT
9549,XRX
9550,XSD
9551,XSHQ
9552,XSLV
9553,XSMO
9554,XSOE
9555,XSVM
9556,XSW
9557,XT
9558,XTL
9559,XTN
9560,XVOL
9561,XWEB
9562,XWEL
9563,XXII
9564,XYL
9565,XYLD
9566,XYLG
9567,X
9568,XAIR
9569,XAR
9570,XBI
9571,XBIO
9572,XBIT
9573,XBTF
9574,XDAT
9575,XDNA
9576,XEL
9577,XELA
9578,XENE
9579,XERS
9580,XES
9581,XFOR
9582,XGN
9583,XHB
9584,XHE
9585,XHR
9586,XHS
9587,XHYC
9588,XHYD
9589,XHYE
9590,XHYF
9591,XHYH
9592,XHYI
9593,XHYT
9594,XIN
9595,XITK
9596,XLB
9597,XLC
9598,XLE
9599,XLF
9600,XLG
9601,XLI
9602,XLK
9603,XLP
9604,XLRE
9605,XLU
9606,XLV
9607,XLY
9608,XM
9609,XME
9610,XMHQ
9611,XMLV
9612,XMMO
9613,XMTR
9614,XMVM
9615,XNCR
9616,XNET
9617,XNTK
9618,XOM
9619,XOMA
9620,XOP
9621,XOS
9622,XP
9623,XPEL
9624,XPER
9625,XPEV
9626,XPH
9627,XPND
9628,XPO
9629,XPOF
9630,XPP
9631,XPRO
9632,XRAY
9633,XRLV
9634,XRMI
9635,XRT
9636,XRX
9637,XSD
9638,XSHQ
9639,XSLV
9640,XSMO
9641,XSOE
9642,XSVM
9643,XSW
9644,XT
9645,XTL
9646,XTN
9647,XVOL
9648,XWEB
9649,XWEL
9650,XXII
9651,XYL
9652,XYLD
9653,XYLG
9654,X
9655,XAIR
9656,XAR
9657,XBI
9658,XBIO
9659,XBIT
9660,XBTF
9661,XDAT
9662,XDNA
9663,XEL
9664,XELA
9665,XENE
9666,XERS
9667,XES
9668,XFOR
9669,XGN
9670,XHB
9671,XHE
9672,XHR
9673,XHS
9674,XHYC
9675,XHYD
9676,XHYE
9677,XHYF
9678,XHYH
9679,XHYI
9680,XHYT
9681,XIN
9682,XITK
9683,XLB
9684,XLC
9685,XLE
9686,XLF
9687,XLG
9688,XLI
9689,XLK
9690,XLP
9691,XLRE
9692,XLU
9693,XLV
9694,XLY
9695,XM
9696,XME
9697,XMHQ
9698,XMLV
9699,XMMO
9700,XMTR
9701,XMVM
9702,XNCR
9703,XNET
9704,XNTK
9705,XOM
9706,XOMA
9707,XOP
9708,XOS
9709,XP
9710,XPEL
9711,XPER
9712,XPEV
9713,XPH
9714,XPND
9715,XPO
9716,XPOF
9717,XPP
9718,XPRO
9719,XRAY
9720,XRLV
9721,XRMI
9722,XRT
9723,XRX
9724,XSD
9725,XSHQ
9726,XSLV
9727,XSMO
9728,XSOE
9729,XSVM
9730,XSW
9731,XT
9732,XTL
9733,XTN
9734,XVOL
9735,XWEB
9736,XWEL
9737,XXII
9738,XYL
9739,XYLD
9740,XYLG
9741,X
9742,XAIR
9743,XAR
9744,XBI
9745,XBIO
9746,XBIT
9747,XBTF
9748,XDAT
9749,XDNA
9750,XEL
9751,XELA
9752,XENE
9753,XERS
9754,XES
9755,XFOR
9756,XGN
9757,XHB
9758,XHE
9759,XHR
9760,XHS
9761,XHYC
9762,XHYD
9763,XHYE
9764,XHYF
9765,XHYH
9766,XHYI
9767,XHYT
9768,XIN
9769,XITK
9770,XLB
9771,XLC
9772,XLE
9773,XLF
9774,XLG
9775,XLI
9776,XLK
9777,XLP
9778,XLRE
9779,XLU
9780,XLV
9781,XLY
9782,XM
9783,XME
9784,XMHQ
9785,XMLV
9786,XMMO
9787,XMTR
9788,XMVM
9789,XNCR
9790,XNET
9791,XNTK
9792,XOM
9793,XOMA
9794,XOP
9795,XOS
9796,XP
9797,XPEL
9798,XPER
9799,XPEV
9800,XPH
9801,XPND
9802,XPO
9803,XPOF
9804,XPP
9805,XPRO
9806,XRAY
9807,XRLV
9808,XRMI
9809,XRT
9810,XRX
9811,XSD
9812,XSHQ
9813,XSLV
9814,XSMO
9815,XSOE
9816,XSVM
9817,XSW
9818,XT
9819,XTL
9820,XTN
9821,XVOL
9822,XWEB
9823,XWEL
9824,XXII
9825,XYL
9826,XYLD
9827,XYLG
9828,X
9829,XAIR
9830,XAR
9831,XBI
9832,XBIO
9833,XBIT
9834,XBTF
9835,XDAT
9836,XDNA
9837,XEL
9838,XELA
9839,XENE
9840,XERS
9841,XES
9842,XFOR
9843,XGN
9844,XHB
9845,XHE
9846,XHR
9847,XHS
9848,XHYC
9849,XHYD
9850,XHYE
9851,XHYF
9852,XHYH
9853,XHYI
9854,XHYT
9855,XIN
9856,XITK
9857,XLB
9858,XLC
9859,XLE
9860,XLF
9861,XLG
9862,XLI
9863,XLK
9864,XLP
9865,XLRE
9866,XLU
9867,XLV
9868,XLY
9869,XM
9870,XME
9871,XMHQ
9872,XMLV
9873,XMMO
9874,XMTR
9875,XMVM
9876,XNCR
9877,XNET
9878,XNTK
9879,XOM
9880,XOMA
9881,XOP
9882,XOS
9883,XP
9884,XPEL
9885,XPER
9886,XPEV
9887,XPH
9888,XPND
9889,XPO
9890,XPOF
9891,XPP
9892,XPRO
9893,XRAY
9894,XRLV
9895,XRMI
9896,XRT
9897,XRX
9898,XSD
9899,XSHQ
9900,XSLV
9901,XSMO
9902,XSOE
9903,XSVM
9904,XSW
9905,XT
9906,XTL
9907,XTN
9908,XVOL
9909,XWEB
9910,XWEL
9911,XXII
9912,XYL
9913,XYLD
9914,XYLG
9915,YALA
9916,YALL
9917,YANG
9918,YCBD
9919,YCL
9920,YCS
9921,YELL
9922,YELP
9923,YETI
9924,YEXT
9925,YI
9926,YINN
9927,YMAB
9928,YMM
9929,YOLO
9930,YORW
9931,YOU
9932,YPF
9933,YPS
9934,YQ
9935,YRD
9936,YSG
9937,YUM
9938,YUMC
9939,YVR
9940,YXI
9941,YY
9942,YYY
9943,YALA
9944,YALL
9945,YANG
9946,YCBD
9947,YCL
9948,YCS
9949,YELL
9950,YELP
9951,YETI
9952,YEXT
9953,YI
9954,YINN
9955,YMAB
9956,YMM
9957,YOLO
9958,YORW
9959,YOU
9960,YPF
9961,YPS
9962,YQ
9963,YRD
9964,YSG
9965,YUM
9966,YUMC
9967,YVR
9968,YXI
9969,YY
9970,YYY
9971,YALA
9972,YALL
9973,YANG
9974,YCBD
9975,YCL
9976,YCS
9977,YELL
9978,YELP
9979,YETI
9980,YEXT
9981,YI
9982,YINN
9983,YMAB
9984,YMM
9985,YOLO
9986,YORW
9987,YOU
9988,YPF
9989,YPS
9990,YQ
9991,YRD
9992,YSG
9993,YUM
9994,YUMC
9995,YVR
9996,YXI
9997,YY
9998,YYY
9999,YALA
10000,YALL
10001,YANG
10002,YCBD
10003,YCL
10004,YCS
10005,YELL
10006,YELP
10007,YETI
10008,YEXT
10009,YI
10010,YINN
10011,YMAB
10012,YMM
10013,YOLO
10014,YORW
10015,YOU
10016,YPF
10017,YPS
10018,YQ
10019,YRD
10020,YSG
10021,YUM
10022,YUMC
10023,YVR
10024,YXI
10025,YY
10026,YYY
10027,YALA
10028,YALL
10029,YANG
10030,YCBD
10031,YCL
10032,YCS
10033,YELL
10034,YELP
10035,YETI
10036,YEXT
10037,YI
10038,YINN
10039,YMAB
10040,YMM
10041,YOLO
10042,YORW
10043,YOU
10044,YPF
10045,YPS
10046,YQ
10047,YRD
10048,YSG
10049,YUM
10050,YUMC
10051,YVR
10052,YXI
10053,YY
10054,YYY
10055,YALA
10056,YALL
10057,YANG
10058,YCBD
10059,YCL
10060,YCS
10061,YELL
10062,YELP
10063,YETI
10064,YEXT
10065,YI
10066,YINN
10067,YMAB
10068,YMM
10069,YOLO
10070,YORW
10071,YOU
10072,YPF
10073,YPS
10074,YQ
10075,YRD
10076,YSG
10077,YUM
10078,YUMC
10079,YVR
10080,YXI
10081,YY
10082,YYY
